id,member,nickname,rating,contents,menus,dateText
2020082700099402,190422012344,어효야,4,맛있었습니다,순살양념치킨,오늘
2020082600304932,190907019827,샬롱,5,"떡사리 서비스 감사합니당! 존맛이에용",순살양념치킨,어제
2020082600203459,201405033402,syoo****,3,"닭은 맛있고 다 좋은데 밥이 너무 딱딱해요

즉섭밥 1500원이라고 되있는데 차라리 햇반을 보내 주시는게 낳을 거 같아요

지코바 치밥 먹을라고 먹는건데 밥이 저러면 실망이 커요",순살양념치킨,어제
2020082600196721,180916012068,Renee,5,"순한 맛은 처음 시켜봤는데 많이 안 맵고 좋네요. 늘 떡이랑 치킨 퀄리티가 좋아요. 그리고 오늘 배달이 엄청 일찍 왔어요. 감사합니다~^^",순살양념치킨,어제
2020082600151190,191213002051,쥐돌,5,"이벤트로 이것저것 챙겨주시고 요청사항 잘 들어주셔서 더 맛있게 먹었어요 ~",순살양념치킨,어제
2020082600094007,190115007174,최승철,5,"맛잇어요 공기밥도 따끈따끈",양념치킨,어제
2020082600076729,190811024258,h1yn004,5,"매콤한맛인데 전보다 덜매워진건지 전혀 안매워서 좀 아쉽네요ㅠ 그래도 오랜만에 잘 먹었습니다!",순살양념치킨,"어제, 수정됨"
2020082600044265,170624004873,ghch****,5,"언제시켜도 맛있는 지코바 순살 양념👍👍",순살양념치킨,어제
2020082600032901,160915001792,돼지고릴라,5,"역시 지코바는지코바네요 맛이 최곱니다",순살양념치킨,어제
2020082500272805,200321010859,장진우,5,,순살양념치킨,그제
2020082500255157,180812023162,나아암,5,"그저 맛있을쁜",순살양념치킨,그제
2020082500228066,180214007101,쭈똥팔구,5,"오늘 매우 맛있습니당!",순살양념치킨,그제
2020082500194874,180211009098,noses6068,5,"지코바넘맛있어요. 지코바는 역시 떡사리 추가에 치밥이예요",순살양념치킨,그제
2020082500165608,201209090074,먹슐랭,5,"오픈당시 사무실 앞이라 홀에 자주가곤 했는데 사무실 이전 하고나서 거진 2년 만에 먹네요ㅎ 맛이 한층 업그레이드 됫네요!
그때는 껍질이 살아있었데 지금은 약간 껍질없는 뻑살느낌이 없지않아 있는거 같아요..
일단 맛있어서 별 5!",순살양념치킨,그제
2020082500109045,190329008724,만두찐빵,5,"존맛탱 지코바 is 진리",순살양념치킨,그제
2020082500064243,170726004040,다먹어줄꺼야,4,"오랜만에 시켰는데 맛있네요",순살양념치킨,그제
2020082500046046,180210020789,송파윌리,3,"조금 탄부위가 많아서 치킨이 쓰네요 좋게 적을라고 했는데 너무탔습니다",순살양념치킨,그제
2020082500042348,160906003100,세상비글쩡,5,"배달도 생각보다 빨리왔고 맛있어요! 떡이 쥬금 딱딱한거 빼곤 ㅠㅠ",순살양념치킨,그제
2020082500017986,180614001820,도도해,5,"역시 치밥은 지코바.",순살양념치킨,그제
2020082400284171,200107000528,djchu90,5,,순살양념치킨,"이번 주"
2020082400269435,200729004079,ggss62,5,"너무 맛있게 잘먹었습니다!!ㅎ",순살양념치킨,"이번 주"
2020082400264365,181208018816,MEENZINO,5,"동네 지코바가 별로라 송파1호점에서 시켰는데 맛있게 잘 먹었어요! 매운맛이 원래 먹던것보단 덜매워 오히려 먹기 편했네요. 근데 먹고 나면 입주위가 싸~해요 ㅋㅋㅋ 소스 제발 많이주고 수저안주셔도 된다했는데 못보셨나봐요.. 소스도 얼마없고 수저가 왔네요. 그래도 서비스로 주신 음료와 떡사리와 공깃밥 덕에 배부르고 완벽한 식사가 됐어요ㅎㅎ 담에 또 주문할테니 그땐 소스 많이 부탁드려요 😉",양념치킨,"이번 주"
2020082400263507,180811010000,꿈꾸,5,"잘 먹었습니다~~",순살소금구이,"이번 주"
2020082400246122,180525008094,쏘쏘,5,"지코바는 언제나먹어도 맛있어요.. 매운맛이 적힌 그대로 맵깅하지만 보통이면 좀 덜매울거같아서 이게 딱인거같아옇ㅎㅎㅎ",순살양념치킨,"이번 주"
2020082400195868,151217001029,yeon****,5,맛있어용~,순살양념치킨,"이번 주"
2020082400180771,180615013984,Dk,5,"역시 지코바는 맛있어요!",양념치킨,"이번 주"
2020082400173290,200822021779,님쑤,5,"한시간걸린다고 알림이왔는데 삼사십분? 만에 온것같아요! 너무 맛있고 역시 지코바는 순살양념이예요!!",순살양념치킨,"이번 주"
2020082400101988,170118001103,oliv****,5,"먹다가 생각나서 급히 찍었네요 
정말 맛있어요!!!",순살양념치킨,"이번 주"
2020082400098533,140903001813,허션,5,"지코바 치밥 JMTGR 넘나맛있어용ㅎㅎㅎ",순살양념치킨,"이번 주"
2020082400099116,170415002097,러블리데이,5,"정말 맛있게 잘 먹었어요^^
양념에 밥비벼 먹으면 꿀맛!",순살양념치킨,"이번 주"
2020082400090954,180315001374,에바존슨,5,"역시 지코바 믿고 먹습니다",순살양념치킨,"이번 주"
2020082400070737,180905003500,츄베룹,5,"역시 믿고먹는 지코바bbbb
맛있게 매워서 좋아요!
배달도 초스피드입니다",순살양념치킨,"이번 주"
2020082400056226,160618004539,rini****,5,"후 역시 지코바 너무 맛있어요
 배불러서 남겼다가 남은거로 밥에 비벼도 먹을수 있고
치밥은 역시 갓코바",순살양념치킨,"이번 주"
2020082300402791,200409010378,치킨킬러,5,"Chicken is dead",순살양념치킨,"지난 주"
2020082300369590,171112011922,태오킹,5,"역시 지코바 치밥 맛있네요~!!",양념치킨,"지난 주"
2020082300316990,190216017737,broccoliu2,5,,순살양념치킨,"지난 주"
2020082300317748,171214002292,솥아,5,,순살양념치킨,"지난 주"
2020082300295091,200708007409,오늘의먹보,5,"너무 맛있게 먹은 기억이있어서 또 주문하게 됐어요. 저번엔 순한맛시켰는데 먹을만해서 이번엔 보통맛으로 주문했습니다. 근데 생각보다 매콤한 맛이 안나서 아쉬웠어요ㅠㅠ순한맛이랑 차이를 못느꼈습니다ㅜ담번엔 아예 매운맛으로 시켜볼까봐요 그래도 맛있습니다~~!",순살양념치킨,"지난 주"
2020082300281025,200815007117,midas,5,"맛있게 잘 먹었습니다~소스를 좀더 주시면 좋겠습니다 ~
많이 파세요",순살양념치킨,"지난 주"
2020082300270756,190127018547,숑숑,3,"지코바는 처음인데 치킨과 찜닭 사이...
양도 적고..  가끔 먹을 거 같긴 한데..  모르게쒀여",순살양념치킨,"지난 주"
2020082300148378,191124015087,iris,5,"소스남은거 밥에 비벼서 맛나게 잘 먹었어요~^^
서비스로 주신 쥬시콜도 감사해요~",순살양념치킨,"지난 주"
2020082300143116,190520014537,만지,5,"매일 배달로 주문했다가 오늘 포장 처음 해보는데요 역시 포장이나 배달이나 맛은 변함이없네요 너무맛있어요 ㅠㅠ 다음에 또 시켜먹을래요",순살양념치킨,"지난 주"
2020082300102104,170430003632,lyw0****,5,"전에도 늘 맛있게 먹었으니 오늘도 맛있을 거라 예상합니다 

쥬시쿨 공기밥도 추가로 주셔서 잘 먹겠습니다

배달 중에 양념이 조금 넘쳤는데 떡사리까지 

많이 넣어주셔서 그랬던 것 같네요 잘먹을게요",순살양념치킨,"지난 주"
2020082300066591,190621000010,rbal****,5,"항상 맛있게 먹고있어용😀",순살양념치킨,"지난 주"
2020082300050590,191117026582,항상배고픔,5,"맛있어요 넘넘!!",순살양념치킨,"지난 주"
2020082300034498,170624006310,skyj****,5,"항상 만족하는집

비오는데도 친절하게 해주셔서

감사합니다",양념치킨,"지난 주"
2020082300032191,160607002399,gywl****,5,👍🏻👍🏻👍🏻👍🏻👍🏻,양념치킨,"지난 주"
2020082300017957,171225000617,euny****,5,맛있어요~~!!,순살양념치킨,"지난 주"
2020082200329776,190520032337,clocking,5,"양이 푸짐하고 맛있습니다. 저에게 크게 맵지 않아 부담스럽지 않아서 맛있게 먹을 수 있었습니다.",순살양념치킨,"지난 주"
2020082200311258,180523009087,욜미욜미,5,"맛있어요!!!~!~!~! 떡도 많이 있어요!",양념치킨,"지난 주, 수정됨"
2020082200296427,200816008761,크크루삐비리이봉,5,"배가 너무고파 허겁지겁먹다가..  겨우 사진한장 남겼네요. 잘먹었습니다. 매운맛도 다들 도전해봐요.",순살양념치킨,"지난 주"
2020082200271932,190504020388,limsh,5,"감사합니다.
잘 먹을게요~!",순살양념치킨,"지난 주"
2020082200272571,190430071788,쥬쥬,5,"치밥은 역시 지코바에요 핵존맛😘",순살양념치킨,"지난 주"
2020082200209590,190924002826,행복이,5,"잘먹었습니다 ㅎㅎ",순살양념치킨,"지난 주"
2020082200186619,180617008011,미밍,5,"딱 적당한 맵기네요 심심하지도 않고 ㅎㅎ
떡도 쫄깃하니 맛나용
처음 먹어보신 부모님도 맛있다고 난리네요!
자주 먹어야겠어요~",순살양념치킨,"지난 주"
2020082200180906,190426013575,송파좋아용맘,4,"첫맛은 매콤한맛이 아닌가 했어요.주문 잘못했나 ? 1도 안 매워서요. 양념에 밥을 비비니 그때서야 매운맛이 나는데 그렇게 매운맛은 아니네요.지점마다 다른건지는 모르지만요. 구운 닭고기 맛은 많이 나진 않아요.
처음 시켰는데 달콤한 맛은 아니예요. 
식으면 점점 더 맛있어지구요.
공기밥도 서비스 주셨고 떡  양이 많아서 배불러요. 잘먹었습니다.",순살양념치킨,"지난 주"
2020082200180454,180202011804,Jozee,5,"맛있었어요! 배달도 엄청 빨라서 좋앗어요!",순살양념치킨,"지난 주"
2020082200084337,191117003668,fleur,5,"처음 먹어보는데 너무 맛있었어요! 서비스 떡사리도 많이 들어 있어서 좋았습니당",순살양념치킨,"지난 주"
2020082200049484,190515020529,최기사,5,"자주 시켜먹는데 넘 맛있어요~",순살양념치킨,"지난 주"
2020082200047849,190510023938,파란나라,5,"살짝 짠데 밥반찬으로 너무 좋아요~ 저녁에 반찬 없을 때 애용합니다. 
방문포장으로 주문했는데 10분만에 나오고 시간도 좋네요.",순살양념치킨,"지난 주"
2020082200028028,160904003780,1004****,5,"지코바 굿",순살양념치킨,"지난 주"
2020082200022495,170730001607,kimy****,5,"밤마다 생각나서 안 시킬 수가 없네요😀 순살양념치킨 너무 맛있고 서비스로 주신 쥬시쿨도 잘 먹었습니다👏🏻",순살양념치킨,"지난 주"
2020082100288221,190828005431,들쑥날쑥,5,"지코바는 사랑 ㅠㅠ 부모님도 맛있다고 👍🏻👍🏻",양념치킨,"지난 주"
2020082100285117,180107024650,루엔,5,"지방에 있을때 지코바 자주 시켜먹었는데
이번에도 시켜 먹으니까 맛있었습니다~

서비스로 주신 쿨피스도 잘 먹었습니다",순살양념치킨,"지난 주"
2020082100281316,151123002558,qhdl****,5,,순살양념치킨,"지난 주"
2020082100261592,160317000633,jinnni,5,"굿
굿
굿
굿
굿",순살양념치킨,"지난 주"
2020082100243174,190416016024,모다피,5,잘먹었습니다~~!!!,순살양념치킨,"지난 주"
2020082100189314,200806015098,뿌엥가,5,"주문했는데 30분도 안되서 배달오고 부산에서 먹다가 서울서는 처음 먹어봤는데 너무 맛있었습니다 !",순살양념치킨,"지난 주"
2020082100128352,181207004002,정여니,5,"넘 맛있어용 떡도 많이 주고~~~~^^",순살양념치킨,"지난 주"
2020082100108015,181028002043,코또까,5,"언제나 맛있게 먹고 있어요^^ 서비스도 잘 주시고... 아이들과 먹기는 순한맛이 좋네요~~",순살양념치킨,"지난 주"
2020082100107274,170722010617,polo****,5,"지코바 말만 듣다가 처음 시켜봤는데 맛있네요 밥이랑 먹기 딱 좋아요 가운데 뚫려있는 떡 먹는 재미가 있고요ㅋㅋ잘 먹었습니다 사장님~~",순살양념치킨,"지난 주"
2020082100104041,181130003494,jonmatang,5,jmt...,순살양념치킨,"지난 주"
2020082100087253,161028004184,sues****,5,"맛있게 잘 먹었어욤",순살양념치킨,"지난 주"
2020082000243154,180527001835,버억버억,5,지코바is뭔들,순살양념치킨,"지난 주"
2020082000230708,170810007973,chom****,5,너무맛있게먹엇습니다!!,순살양념치킨,"지난 주"
2020082000063245,191225012306,영아님,5,"순살양념이랑 소금구이랑 두개 시켰는데 떡이 들어있어서 그런지 조금밖에 안먹었는데 엄청 배불렀어요. 밥이랑 양념이랑 먹으니 진짜 맛있네요.소금구이도 많이 안시키는거 같은데 맛있었어요 짜지않고 제가 소금찍어먹을수 있어서 담백하고 냄새도 안나고 맛있었어요. 댓글보고 긴가민가 하면서 시켰는데 넘 만족이예요 담에도 또 시킬께요~~",순살양념치킨,"지난 주"
2020081900192032,190104013293,우수,5,"맛있었어요~~보내주신 쥬시쿨도 감사드려요!!",순살양념치킨,"지난 주"
2020081900084941,180603015072,jjjj,4,"첨 시켜봤는데 맛있네요! 서비스도 좋아요 번창하길 바랍니다
또 시켜먹을 것 같네요",순살양념치킨,"지난 주"
2020081900084437,180412001527,갈매기,5,"진짜 너무 맛있어요ㅠㅠ 소스도 충분해서 너무 좋았어요!! 담에 또 시켜먹을게요~~!ㅎㅎ",순살양념치킨,"지난 주"
2020081900028889,180212008894,hsjm,5,"역시 숯불바비큐는 지코바입니다. 지코바가 있는 동네에 산다는게 참 행운이에요 ㅋㅋ 넘 맛나요!!",순살양념치킨,"지난 주"
2020081900001465,200707008725,하이,5,"깜빡하고 따로 요청 안했는데도
다른곳보다 소스가 많은듯해서 놀랐어요!
완전 맛있게 잘먹었습니당",순살양념치킨,"지난 주"
2020081800237984,201406114484,awesome,5,"야식이 땡길 때는 지코바 매운맛이 최고죠 후후후 뼈 있는 걸 좋아하는데 아쉽게 다 나가서 ㅠㅠ 순살 먹었습니다. 순살도 맛있으니 행복하네요! 잘 먹고 있습니당!",순살양념치킨,"지난 주"
2020081800214932,171227003727,잇잇,5,"너무 맛있게 잘먹었습니다^^ 앞으로 이 지점에서만 주문해야겠어요!",순살양념치킨,"지난 주"
2020081800209139,190218007501,호옹이,5,"역시 맛있습니당",순살양념치킨,"지난 주"
2020081800199890,171117003195,뿡뿡,5,최고라구욧,순살양념치킨,"지난 주"
2020081800176399,200321010859,장진우,5,"믿고먹습니다 지코바!!",순살양념치킨,"지난 주"
2020081800175560,180716013406,찐봉봉,5,"역시 지코바군요 잘먹었습니다",공기밥,"지난 주"
2020081800166608,180827014655,우기,5,"맛있게 잘먹었습니다!!! 밥도 주시고 떡도 더주시고..ㅠㅠ 오랜만에 먹었는데 진짜 맛있게 잘먹었습니다 감사합니다!!!",순살양념치킨,"지난 주"
2020081800153331,180110004940,뚜루루뚜,5,"지코바 맛있어요 배달도 빨라요 굿굿",순살양념치킨,"지난 주"
2020081800140793,190129009011,웅이웅,5,"역시는 역시다.. 노실패 맛입니다....",순살양념치킨,"지난 주"
2020081800118711,171007007416,바스텐,5,"맛있어서 블로그리뷰도 올렸어요",양념치킨,"지난 주"
2020081800106459,180325005239,슈퍼슈퍼,5,"너무 맛있어요~~서비스로 주신 공기밥이랑 맛있게 먹었어요",순살양념치킨,"지난 주"
2020081800097412,180812021692,스므,5,"배달 빨리오고 맛있었어요 쥬시쿨이랑 공기밥은 시키지도 않았는데 서비스로 주셔서 배부르게 먹었어요!",순살양념치킨,"지난 주"
2020081800087061,180127019303,minjuKim,5,맛있어요~~,순살양념치킨,"지난 주"
2020081800070058,170203006289,곰팅이,5,"역시 진리네요",순살양념치킨,"지난 주"
2020081800046245,180601013761,EBADA,5,"치밥이 생각나 주문했습니다
역쉬 실망을 주지 않는 
지코바
양념도 적당히 매콤하고 고기도 맛있어요",순살양념치킨,"지난 주"
2020081800016478,200616005609,포동포동이,5,"믿고 먹는 지코바 💕 맛있게 잘 먹었어요!",순살양념치킨,"지난 주"
2020081800005043,190113024530,호랄랄랄,5,"짱맛 엄맛 양도엄청많아요~~
리뷰이벤트 하려다 까먹고 안적었는데도
찰떡같이 콜라보내주심 👍 떡도많구 감사함다
매운맛인데 많이안맵고 고추얹어먹으면 매콤함 올라옴
양념진짜ㅜ낼밥비벼먹어야지",순살양념치킨,"지난 주"
2020081700257250,190531016235,iovnalcu,3,"순살양념 떡추가 조합으로 매벙 시켜먹는데고 안쓰려고 했지만 이번엔 리뷰이벤트도 했어서 씁니다...치킨 윗부분에서 중간길이 머리카락이 나왔었어요. 조금만 더 신경써주시면 좋을 것 같아요:",순살양념치킨,"지난 주"
2020081700228713,180605007913,우유리,5,존맛이여~~~~,순살양념치킨,"지난 주"
2020081700229216,180805015981,로렐라이,5,"탄것처럼 보였지만 먹는데 불편하지 않았습니다~중간맛이 전혀 맵지 않고 먹기 좋았습니다~!! 다음엔 치밥을 해먹어봐야겠네요~^^",순살양념치킨,"지난 주"
2020081700205876,170414009221,velv****,5,"오랜만에 먹었는데 ㅠㅠ
진짜 너무 맛있어서 박박긁어먹었어요ㅋㅋ
배달도 빠르게 오고
맛도 너무너무 맛나요. 
밥비벼서 꼭 드세요👍👍👍👍",순살양념치킨,"지난 주"
2020081700214280,161230001398,230,5,"역시 지코바는 맛있어요 떡추가 최고",순살양념치킨,"지난 주"
2020081700208020,151220002165,사이다콜라,5,"요번따라 양이 엄청 많은 느낌>.<
너무 맛있게 잘먹었어요!!
역시 여기 지코바가 맛있어용",순살양념치킨,"지난 주"
2020081700192599,171123002465,마이쪙,5,"맛있는데 밥 비벼먹게 양념 좀 많이 주면 완전 좋을 것 같네여",순살양념치킨,"지난 주"
2020081700127291,180712006879,sunnie,3,,양념치킨,"지난 주"
2020081700124857,190508018336,ㅇㅅㅇ,5,"언제나 믿고먹는 지코바~",순살양념치킨,"지난 주"
2020081700122067,190515020529,최기사,5,"너무 맛있어요~ 잘먹었습니다",순살양념치킨,"지난 주"
2020081700109087,180124019858,박소연,5,"배달은 조금늦게왔지만 맛있게 잘먹었어요 ㅎㅎ
만족입니다5점!! 너무배고파서 리뷰알림올때쯤엔 이미 옶어졋네요 ㅠ",순살양념치킨,"지난 주"
2020081700095240,180124009948,릴리,4,"떡이부드러워요 good",순살양념치킨,"지난 주"
2020081700055099,191204001085,jiwook,5,"처음먹는 친구들이랑 같이 먹었는데 너무 맛잇게 먹엇네요 
지코바는 언제먹어도 진리입니다~~!!",순살양념치킨,"지난 주"
2020081700030557,190521013985,blablab,5,"주문한지 20분만에 왔어요
지코바 내일또봐^^",순살양념치킨,"지난 주"
2020081600315912,201206160200,요잉,5,"처음 먹어봤는데 진짜 맛있어요ㅠㅠ",순살양념치킨,"이번 달"
2020081600312432,170329003617,keng****,5,"소금구이도 맛있고 양념순살은 진짜 진국이예요♡♡ 밥 비벼 먹을 정도로 맛있듬",소금구이,"이번 달"
2020081600289374,180901010670,꾸꾸까까,5,"뼈있는 양념 시키려다가 품절되어서 순살양념 시켰는데 잘 한 것 같아요. 맛있게 잘 먹었습니다.",순살양념치킨,"이번 달"
2020081600256831,180602004278,수수,5,"역시 치밥엔 지코바입니다
양념도 넉넉히해주셔서 치밥하기 좋았어요",순살양념치킨,"이번 달, 수정됨"
2020081600208488,200229001258,TIOP,5,,순살양념치킨,"이번 달"
2020081600139719,171206000727,와웃,5,"배달이 바쁜시간이라 그런지 좀 늦어서 아쉬웠지만 점심으로 밥두 챙겨주셔서 아주 맛있게 잘 먹었습니다",순살양념치킨,"이번 달"
2020081600114612,201405022110,snsg****,5,"지코바 처음 시켜봤는데 맛있었어요! 떡도 맛있고 양도 정말정말 많았어요 ㅎㅎ 자주 시킬게요",순살양념치킨,"이번 달"
2020081600073202,171222004791,정리오,5,"존맛탱,...양념 넉넉해서 볶음밥해가지구 와플기계에 넣어먹을거에여 행-복★",순살양념치킨,"이번 달"
2020081600051321,190318001226,추추,4,"맛은 너무너무 맛있었는데, 먹다가 닭이 탔는지...상했는지....색깔이 거뭇거뭇 검정색 곰팡이가 생긴듯이 색이 변한게 있었어요ㅠㅠ 먹어도 괜찮은 걸까요?
그리고 리뷰이벤트참여오 떡사리 달라고 핬는데 쥬시쿨이 와서 놀랬어요..그냥 서비스로 또 주신건지 떡사리 추가해서 주신건지 모르겠네요ㅠㅠ",순살양념치킨,"이번 달"
2020081600056203,170305002967,alta****,5,"맛있게 잘먹었습니다",순살양념치킨,"이번 달"
2020081600030746,190913001292,손가락아제발멈춰,5,"처음 시켜 먹었는데 너무 맛있었어요!!
맴찔이라 보통맛 시켰는데 저는 좀 알싸하더라구요ㅜㅜ느끼하지도 않고 자꾸 손이 가는 맛이예요!!!",양념치킨,"이번 달"
2020081600024256,181011001682,seen****,5,"맛있게 잘먹었습니다!! 믿고 먹는 지코바!",양념치킨,"이번 달"
2020081600003931,141017003719,alof****,5,"언제 먹어도 맛있는 지코바🤍 다음에는 매운맛으로 시켜볼까봐요! 맛있게 잘 먹었습니다!",순살양념치킨,"이번 달"
2020081600009743,181106008794,리짱,4,"오랜만에 치밥땡겨서 시켰어여
잡내가 조금 났는데 그래도 맛있게 먹었어여",순살양념치킨,"이번 달"
2020081500324162,200708007409,오늘의먹보,5,"야식으로 딱이에요~ 양념도 골고루 베어있고 치킨도 떡사리도 너무 맛있어요!! 밥이랑 비벼먹으면 환상의 콜라보입니당 양도 많아서 배불리 먹을 수있어요",순살양념치킨,"이번 달"
2020081500302493,180913000055,하늘숲,5,"맛있어요. 낼 치밥도전!!ㅎㅎ",순살양념치킨,"이번 달"
2020081500280656,180319004259,Rimrim,5,"양도 많도 맛있어용!!
양념도 넉넉해서 밥이랑 먹어도 맛있을꺼 같아용",순살양념치킨,"이번 달"
2020081500277076,181021011259,새우깡,5,"80분 후에 온다해서 읭?? 했는데 다행히? 한시간 안에 왔네요~~ 맛있게 잘 먹었습니다🤗
살짝 더 매워도 맛있을것 같아서 다음에는 매운맛으로 시켜보려구요~!!",순살양념치킨,"이번 달"
2020081500242848,171201001971,코크곰,5,"지코바는 언제나 진리!",순살양념치킨,"이번 달"
2020081500230450,200521009265,eidhs,2,"배달도 생각보다 빨랐고 쿨피스 감사합니다. 양념은 맛있었습니다. 그런데 닭은 딱딱하고 얼었던 닭인지 질이 너무 떨어져서 놀랐습니다.  고무같은 느낌.",양념치킨,"이번 달"
2020081500220834,191129013476,혀니,5,"떡사리랑 쿨피스 콜라까지 서비스로 주시는 사장님 최공👍👍
또 따끈따끈하게 빠른 배송도 너무너무 만족했어요~😊❤️",순살양념치킨,"이번 달"
2020081500220509,190105004792,겨울잠잘꺼야,5,"예상시간보다 빨리 와서 좋았는데, 너무나 빛의 속도로 오시느라 콜라 안 먹으니 무로 바꿔달라는 요청은 못 보신듯 합니다ㅜㅜ 그래도 맛있으면 최고죠 👍👍👍👍👍👍",양념치킨,"이번 달"
2020081500226328,181118001942,yuuuu,5,"배달도 빠르고 넘 맛있었어요",순살양념치킨,"이번 달"
2020081500203394,161121001598,3328****,5,"맛있었어요! 역시 치밥은 지코바인것 같습니다",순살양념치킨,"이번 달"
2020081500158763,200204006908,배만뚱땡이,5,"치킨에다가 약탄게분명하다 조오옹올라맛있네진짜",순살양념치킨,"이번 달"
2020081500142712,180824000785,뇨뇽,4,잘먹었습니다!!!!,양념치킨,"이번 달"
2020081500139535,181231012883,chloe,5,맛있어요오오옹,양념치킨,"이번 달"
2020081500116671,140806000884,dltm****,5,"지코바는 역시 밥이랑 먹는게 제일 꿀맛인거같아요ㅎㅎ",순살양념치킨,"이번 달"
2020081500107257,151119001920,yeae****,5,"처음시켜 먹어봤는데 맛있었어요~^^
또 주문할게요^^",양념치킨,"이번 달"
2020081500101001,200209002784,백구,5,,순살양념치킨,"이번 달"
2020081500091106,200302010111,사랑,5,"내가 늘 사랑하는 맛!  지코바 !! 정말 맛있었어요!  쥬시쿨도 감사해요~",양념치킨,"이번 달"
2020081500040438,160816000204,맨날사먹는다,5,"역시 지코바...👍",순살양념치킨,"이번 달"
2020081500032521,190628014086,금요일좋아,4,"복날을 좀 일찍 챙겨 먹었습니다~ 잘먹었어요!",순살양념치킨,"이번 달"
2020081400246672,181008010202,ghjkl1234,5,"역시나 최고최고 !!",순살양념치킨,"이번 달"
2020081400248584,190425000826,민민,5,"하.. 너무 맛있어용....♡♡♡ 퇴근후에 먹는 지코바가 꿀맛이에요! 직접 받으러 갔는데 사장님도 넘 친절하셨어옹!",순살양념치킨,"이번 달"
2020081400231940,180517006210,냠냠냠,4,"포장 배달 상태 / 비주얼 /굿
근데 순살 상태가 기름끼만 빠진게 아니라 건조된 느낌? 몇몇부분은 살짝 딱딱한 오징어채씹는 느낌이 살짝납니다ㅎ 원래 그런건지??별하나 뺏어요",순살양념치킨,"이번 달"
2020081400229324,171226000457,아티,5,"아니.. 십오분만에 오는거 실화에여...?
잘먹었습니당♡",순살양념치킨,"이번 달"
2020081400225101,190524005087,수리수리,5,"최근 세번이나 먹었어요.  맛있었어요~~굿입니다",순살양념치킨,"이번 달"
2020081400210846,200410009318,sooya,4,"따뜻하게 꼼꼼하게 잘 배달되어왔어요. 양념도 맛있고 떡사리는 정말 최고네요. 처음 주문해봤는데 지코바 치킨 맛있다던 분들의 추천이 맞았구나 싶어요. 근데 닭을 튀긴게 아니라 구워서 조리한거라 그런지 먹을때 닭살이 조금 질긴 느낌이 들어서 별하나 뺐어요~^^",양념치킨,"이번 달"
2020081400208398,180510003173,쏘우,5,맛있어요~~,순살양념치킨,"이번 달"
2020081400188753,190704012084,야식빼애앰,5,"역시 대존맛👍👍",순살양념치킨,"이번 달"
2020081400114634,160221002160,inni,5,"너무 맛있게 잘 먹었습니다",순살양념치킨,"이번 달"
2020081400115580,181124001815,방이동식객,5,"언제나 한결같이 맛있습니다 ㅎㅎㅎ",순살양념치킨,"이번 달"
2020081400108319,170107007711,얌얌꿀떡,5,"언제나 맛있어요 ㅠㅠ",순살양념치킨,"이번 달"
2020081400071749,180418008074,유은,5,"와 진짜 맛있어요
밥비벼묵었어요",순살양념치킨,"이번 달"
2020081400074430,200216002241,tear****,5,"숯불향과 양념 소스가 기막히게 어우러진맛
맛있어요",순살양념치킨,"이번 달"
2020081400071283,150712001681,히렁이,5,"헐 깜빡하고 지굼 달아요ㅠㅠㅠㅠ 맛잇게잘먹었어요!!!",순살양념치킨,"이번 달"
2020081400013494,190403005488,민여사,4,"맛있었어요.양념이 치밥하기에는 부족했어요",순살양념치킨,"이번 달"
2020081300194489,200511001570,hlim,5,맛있습니다,순살양념치킨,"이번 달"
2020081300156594,190106007914,스수,3,"지코바 맛잇다구해사 첨먹어봤는데 양념도 맛있구 떡도 맛있는데 닭살이 너무 퍽퍽해요.. 닭다리살도 너무 퍽퍽해요 왜그런거죠?",양념치킨,"이번 달"
2020081300146405,151029000165,looa****,5,역시지코바,순살양념치킨,"이번 달, 수정됨"
2020081300123124,200418003236,taylor,5,"지코바 처음 먹었는데 맛있습니다!",순살양념치킨,"이번 달"
2020081300099670,190506022185,레이몬드,5,"배달 빠르고 맛있어요 아점으로 맛있게 먹었어요 먹다가 리뷰 생각나서 찍었네요",순살양념치킨,"이번 달, 수정됨"
2020081300099448,171122002253,태이,5,"두번짼데 너무 맛있어요ㅜㅜ 이 사진은 사진찍는거 까먹고 엄청 많아 먹은거",순살양념치킨,"이번 달"
2020081300078014,180909017118,소요이선,5,"순살양념 치밥은 진리죠.
맛있게 잘 먹었습니다~",순살양념치킨,"이번 달"
2020081300072680,191123010020,느봉스,4,잘먹엌씁니다,순살양념치킨,"이번 달"
2020081300044478,141209003377,ghke****,5,"늘 맛있게 잘 먹고 있습니다",순살양념치킨,"이번 달"
2020081300016495,180914014634,hyunjin,5,"역시 믿고 먹는 지코바👍
떡 사리도 엄청 많이 주시고 
맛있게 잘 먹었습니다😊 
순한맛 먹었는데 누구나 다 좋아하는 맛이에요!
다음에는 한단계 매운맛 먹어보려구요!",순살양념치킨,"이번 달"
2020081200191460,180701014101,안녕하솜,5,"최고의 술안주였습니다 !!!!!!!! 👍🏻👍🏻👍🏻👍🏻👍🏻",순살양념치킨,"이번 달"
2020081200190542,181127007031,아주미,5,"너무 맛있게 먹는다고 사진을못찍었어요^^
잘먹었습니다~배달도 너무빨리왔구요
또~~또주문할께요",순살양념치킨,"이번 달"
2020081200175776,171126003515,나미꼬,4,"오랜만에 시켰는데 밥이랑 먹으니 맛나네요 예전보다 좀 퍽퍽하고 소스도 적어진듯해요~",양념치킨,"이번 달"
2020081200174186,160227001947,nsk7****,5,"거리가 있어 걱정했는데 뜨겁게 잘 먹었네요~
숯불맛이 난다고 엄마가 맛있어하셨어요.
서비스도 잘마실게요~",순살양념치킨,"이번 달"
2020081200160555,150419003086,jjon****,5,맛있어요.^^~~,순살소금구이,"이번 달"
2020081200085383,190215015514,영훈이,5,"너무 배고파서 급하게 먹느라 사진을 못 찍었네요. 역시나 언제 시켜도 맛있네요. 특히 밥이랑 같이 먹으면 더 맛있어요",순살양념치킨,"이번 달"
2020081200087259,181028002043,코또까,5,"맛있게 잘 먹었습니다~~~!!!^^",순살양념치킨,"이번 달"
2020081200077699,141128001514,맛있는또띠아,5,"치밥은 역시 지코바
맛나요!",순살양념치킨,"이번 달"
2020081100220300,150829003082,junj****,5,"언제먹어도 양도많고 맛나요~~ 떡사리도 쫄깃하니 넘 맛나요~~ 숯불치킨중에 젤강추해요: 잘먹었습니다:",양념치킨,"이번 달"
2020081100136327,180114023691,문스타,5,"치킨도 맛있지만 밥으로 비벼먹는 맛도 꿀맛이에요
자주 시켜먹을 것같아요^^
넘 넘 맛있어요
밥도 주셔서 치킨도 잘 먹고 양념까지 순삭~~^^",순살양념치킨,"이번 달, 수정됨"
2020081100074558,180403002470,아배고프자냐,5,,순살양념치킨,"이번 달"
2020081100004648,170523006248,dusw****,5,맛잇어용~~~,순살양념치킨,"이번 달"
2020081100000068,180120002592,고주원,5,"지코바 자체도 맛있는데 송파1호점이 잠실에선 젤 맛있어요~ 감사합니당",순살양념치킨,"이번 달"
2020081000222293,201308010040,songee12,5,"떡은 탄 부분이 좀 있어서 쓰긴 했는데 그래도 닭은 맛있었어요! 잘먹었습니다~!",순살양념치킨,"이번 달"
2020081000224057,190418008424,흰토끼,5,"지코바 원래도 좋아하지만 특히 송파1호점 베스트입니당!!",순살양념치킨,"이번 달"
2020081000179095,180127004289,코팩,5,항상맛있습니다,순살양념치킨,"이번 달"
2020081000178040,181021020432,dwun****,5,"짭짭하고 매콤하고 맛있었어오",순살양념치킨,"이번 달"
2020081000158244,180727013554,배민학,5,"지코바,,,, 역시 맛있는 치킨입니다! 정말 잘먹었어요^^",순살양념치킨,"이번 달"
2020081000131778,150322001737,suba****,5,"맵게 해달라고 부탁드렸는데 동남아고추 어어엄청 넣어주심 ㅋㅋㅋ떡사리도 많이 주셔서 맛있게 잘 먹었어요~ 만두 데워서 같이 먹었네요 ㅎㅎ",순살양념치킨,"이번 달"
2020081000064333,181007015202,아하,5,"치밥엔 지코바! 낮부터 먹을수 있어 행복했어여~",순살양념치킨,"이번 달"
2020080900338120,171220012092,암스틸헝그리,5,"역시 지코바..👍👍👍",순살양념치킨,"이번 달"
2020080900308040,180825001033,좡은,5,"아주 맛나여 떡이 진짜쫄깃 떡사리추가하는 이유가있네여ㅋ
순살이라 느낌적인 느낌ㅋ양이 좀 적어여ㅋㅋ",순살양념치킨,"이번 달"
2020080900277555,171216000121,가편,5,"다먹고 밥까지 맛있게 먹었습니다 !",순살양념치킨,"이번 달"
2020080900249839,180223008268,임두희,5,"너무 맛잇엇는데...
보통맛 시켯는데 매운맛이 온거엿어요ㅜㅜ
달달한 거 먹구싶엇지만 오래 기다려야할거갘아서 그냥 연락없이 맛잇게 먹엇습니당 :",순살양념치킨,"이번 달"
2020080900239735,180414018493,냠냠,5,"역시 맛있어요!!!
쏘맥에 딱 이예용 ♡
빗길에도 빨리 배달해 주셔서  감사합니다 ♡",순살양념치킨,"이번 달"
2020080900215244,160126002009,acze****,5,"맛있어요 굿굿",순살양념치킨,"이번 달"
2020080900173903,171102005331,jessica,5,"저녁먹고 안주로 시켰는데도 역시 너무 맛있어요
역시는 역시",순살양념치킨,"이번 달"
2020080900161018,190717010047,송사,5,"중간맛 너무맵지도않고 정말맛있었어요 서비스 떡 양도 엄청많이주셔서 감사합니다!!❤️❤️👍",순살양념치킨,"이번 달"
2020080900158481,180323012001,강피치,5,"배달도 너무 빠르고 야밤에 맛있게 먹고 자네용 양도 푸짐하고 떡사리까지 완전 JMTGR",양념치킨,"이번 달"
2020080900145497,170608005955,hell****,5,"언제 먹어도 맛있는 지코바 양념 ㅠㅠ
어떤날은 살짝 매콤하게 먹고 또 어떤날은 순한맛으로 폭풍 흡입해요ㅋㅋ 집에 밥해놓은 게 없었는데 밥 서비스 정말 감사합니다. 오늘도 빗소리 들으며 맛있게 잘 먹었습니당!!!",순살양념치킨,"이번 달"
2020080900113307,171119010198,언제나처음처럼,5,"전 지방 살고 동생네 집에 시켜 줬는데
양 많고 서비스 좋다고 칭찬일색 입니다
맛도 좋고 최고라고 하네요
자주 시켜 먹어야겠네요",양념치킨,"이번 달"
2020080900110138,180110013107,호잇두잇,5,"믿고먹는 지코바!!",순살양념치킨,"이번 달"
2020080900087823,190330003085,지니지니,5,"너무 맛있게먹었어요! 맛있게 매운맛이예요 잘먹었습니다!",순살양념치킨,"이번 달"
2020080900069728,171117006937,Limetree,5,"아흐 근 이주간 지코바먹고싶다먹고싶다노래를부르다 주말 11시반되자마자 주문했습니다.
이른시간에도 맛있게만들어주셔서 너무 감사합니다! 잘먹었어요!!",순살양념치킨,"이번 달"
2020080900046248,190813006457,성실실한사업가,1,"양념통닭 보통 맛 시켰습니다.
한마디로 두조각 먹고 다 버렸습니다.
배달 왔을 때 양념에 물 탄 것 처럼 바닥에 물이 흥건하고 닭에 양념은 하나도 안배어 있었습니다.
도저히 먹을 수가 없어서 가게에 전화하니 배달 중 수중기로 인해서 그렇다고 합니다.
더불어 배달거리가 더 길면 수중기가 더 생기는데 제가 배달시킨 지역이 잠실이라 더 많이 생겨서 그렇다고 사장님께서 애기하시더군요.
그래서 그럼 이 상태로 먹어야 되냐고 여쭤보니 원래 배달 상 거리가 길어지면 그렇다며 죄송하다는 말과 함께 아무런 조치가 없었습니다.
그래서 두조각 먹고 다 버렸습니다.
사장님이 이 글을 보신다면 잠실쪽은 배달 하지 않으셨으면 좋겠습니다.
제품에 맛과 퀄리티가 '배달 거리'로 인해 달라진다면 거리가 먼 지역은 제품 특성상 하지 않아주셨으면 합니다.
프렌차이즈라늡 것이 어딜가나 똑같은 맛을 제공해주는 것인데 조금이라도 매출을 올리고 자 맛과 퀄리티를  떨어 트리면서 까지 하지 않길 당부드립니다.",양념치킨,"이번 달"
2020080900026378,170203006289,곰팅이,5,"역시 개꿀맛이네용 치밥의원조",순살양념치킨,"이번 달"
2020080900022935,200622008605,밥주세여,5,"치킨은 역시 지코바 !! 치밥까지 먹어주면 맛있어요 !",순살양념치킨,"이번 달"
2020080900011699,170121008831,딩웅,5,"배송엄청빠르고 너무먹고싶엇는데
맛있었어용 ㅎㅎㅎㅎ",순살양념치킨,"이번 달"
2020080800302021,170910004020,네넹넹,5,"맛있게 잘 먹었습니당!!!!!",양념치킨,"이번 달"
2020080800267051,181014007534,배고파죽겟다,5,"배고플때 마다 항상 시켜먹는데 늘 너무 맛있네요",순살양념치킨,"이번 달"
2020080800253211,171224022548,hwangsy103,5,"배달도 빠르고 맛있었어요 감사합니다~",순살양념치킨,"이번 달"
2020080800245257,191111011947,전문종,5,"역시 치밥은 지코바",순살양념치킨,"이번 달"
2020080800219683,190902001708,배고픈민족,5,"지코바 역시 맛있네영👍",순살양념치킨,"이번 달"
2020080800204728,180203013702,여니,5,"지코바 처음 시켜본건데 ㅜㅜ 국물 자작하니 진짜 맛있네요! 사실 첨이라 뭘 주는지 몰라 일단 공기밥이랑 콜라 추가 했는데, 기본 작은 공기밥이랑 쥬시쿨 작은거까지 원래 주시나보더라구요 ㅠㅠ 앞으로 자주 시켜먹겠습니당 감사합니다~",순살양념치킨,"이번 달"
2020080800186869,200321003935,ggaenge,5,"늘 맛있고
배달도 빨라서 좋았어요!
지코바는 사랑입니다",순살양념치킨,"이번 달"
2020080800173902,141020004466,vjvl****,5,"맛있어용ㅎㅎㅎㅎ치밥으로 마무리했습니다 
역시 지코바 최고❤️",순살양념치킨,"이번 달"
2020080800121720,200808000354,영준신,5,"너무 맛있었습니다~",순살양념치킨,"이번 달"
2020080800117599,181124001815,방이동식객,5,"변함없이 맛있게 ㅎㅎㅎㅎ",순살양념치킨,"이번 달, 수정됨"
2020080800101910,180903004165,0888888,3,"고추장멸치볶음맛이랑 비슷해요  맛있게 먹었습니당~~",순살양념치킨,"이번 달"
2020080800085806,190217013633,기이동이,5,"정말 맛있습니다!! 밥까지 비비면 정말 맛있습니다 추천합니다!!",순살양념치킨,"이번 달"
2020080800072286,190924006492,모자,5,"비오는데 따뜻하게 배달됐고,  치킨도 적당히  잘 구워져 맛있었어요.  서비스로 준 밥도 치밥으로 먹으니 짱입니다.",순살양념치킨,"이번 달"
2020080800015644,180707016193,berryberry,5,"맛있게 잘먹었어요",양념치킨,"이번 달"
2020080700253842,191113006062,hj,5,,순살양념치킨,"이번 달"
2020080700240456,141026007358,486w****,5,"잘받았어요맛있게먹었고요
바로먹는바람에 사진을못찍었어요.
치킨은지코바가 최고예요~",순살양념치킨,"이번 달"
2020080700227541,171226000457,아티,5,"치밥 이즈 베스트",순살양념치킨,"이번 달"
2020080700205678,180307001670,style4,5,"너무 맛있게 잘먹었습니다!",양념치킨,"이번 달"
2020080700154136,180309003568,문광,5,"양도 많고 너무 맛있게 잘먹었어요! 역시... 지코바는 밥이랑 같이 먹어야지 최고!",순살양념치킨,"이번 달"
2020080700115556,181215006009,며링,5,"매번 시켜먹고 매번 행복합니다👍
오늘도 맛있게 뚝딱했어요 감사합니다!!!!!",순살양념치킨,"이번 달"
2020080700109675,161217007463,jppzq,5,"너무 맛있어서 밥까지 비벼먹었어요",순살양념치킨,"이번 달"
2020080700074607,190406007106,송송,5,맛있어요~,양념치킨,"이번 달"
2020080700031694,200516017185,혜지닝,5,"꼼꼼히 포장해주셔셔 비가 많이왔는데도 뽀송하게 잘 도착했습니다^^
주변에서 밥이랑 먹음 존맛탱이라고 추천해줘서 처음시켜봤어요. 밥이랑 먹으려니 양념이 조금부족하긴했지만 왜 시켜먹으라고 했는지 알거같았습니당 번창하세요오",순살양념치킨,"이번 달"
2020080600236482,180821008423,ㅉㅁ,5,최고최고!,양념치킨,"이번 달"
2020080600224585,190527022244,안드,5,"오늘도 맛있게 푸짐하게 잘 먹었습니다 
감사합니다 ㅎㅎ",순살양념치킨,"이번 달"
2020080600205981,180721022334,ckdq****,5,"맛좋습니다ㅎ 다음에도 시켜먹을게요",순살양념치킨,"이번 달"
2020080600199794,201406161352,dhki****,4,"빨리 갖다주셔서 감사합니당 떡사리도 엄청 넣어주셔서 잘 먹었어요",순살양념치킨,"이번 달"
2020080600173140,171212008446,bion****,5,"이벤트로주신 똑사리도많아주시고 양념이매콤하니맛있네요 ^^자주시켜먹을께요",양념치킨,"이번 달"
2020080600145087,161213002589,서형준,5,"정말맛있게잘먹었습니다~ 다만 물렁뼈같은게 조금 섞여있었어요. 그점제외하면 정말맛있습니다",순살양념치킨,"이번 달"
2020080600137879,201403010033,duckkk,5,"따뜻하게 배달되어 맛있게 잘 먹었습니다 ~ 또 주문할게요 ~",순살양념치킨,"이번 달"
2020080600112575,150711003394,홈런볼,5,"요청사항 남기지도 않았는데
떡 말랑말랑하게 익혀주셔서 감사해요 
먹는 내내 감동이에요ㅎㅎ
치킨도 부드럽고 양념도 입에 착 붙는게
오늘도 맛나게 잘 먹었습니다 ~
쥬시쿨로 마무리 감사합니당",순살양념치킨,"이번 달"
2020080600119350,151120002018,duja****,5,"역시 소문대로 맛있네요 자주 시켜먹을것 같아요",순살양념치킨,"이번 달"
2020080600112306,161203005850,뉴뉴뉴,5,"역시 지코바 맛있어요 양도많고 
떡사리도 추가안했는데 진짜 많이 들어있어요",순살양념치킨,"이번 달"
2020080600054279,161127015878,먕듀뜨,5,"진짜 존맛... 지코바는 순살이죠!",순살양념치킨,"이번 달, 수정됨"
2020080600037573,180319009348,소공남,5,"지코바 치킨을 처음으로 먹어 보았습니다.
공기밥과 먹으면 더 맛있었을 것 같지만, 이녀석 밥이 있었다면 밥도둑이 되었을 것 같아서 참았습니다.
치킨과 함께 있던 떡사리도 적당히 잘 익었고, 참 쫄깃했네요. 일반인들에게는 맵기정도는 보통맛이 적당한 것 같습니다.",양념치킨,"이번 달"
2020080600034209,160607002399,gywl****,5,맛잇어용!,양념치킨,"이번 달"
2020080600004734,190111011672,사쿠라,5,"마싯어요 근데 무조건 순살하는게 정답임 뼈 하면 나중에 치밥 해서 먹을따 귀찮음",양념치킨,"이번 달"
2020080600009381,170425001111,루루,5,"넘 맛있어요!! 
또 시킬께요~~",순살양념치킨,"이번 달"
2020080500247619,170721002140,코리헨리,5,"비오는데 너무 먹고 싶어서 시켜먹었어요 안전하게 가져다 주셔서 감사합니다!! 집에 있는 라면 사리 넣어 먹었어요 완전 맛있음",순살양념치킨,"이번 달"
2020080500210755,190425011744,꾸끼,5,"지코바오랫만에주문해봤는데 맛있었어요 잘먹었습니다",순살양념치킨,"이번 달"
2020080500186003,190515020529,최기사,5,"너무 맛있게 먹었습니다~~
조만간 또 시켜먹을게요^^",순살양념치킨,"이번 달"
2020080500159765,200701010973,그런데드라군,5,"양념(뼈 과 순살을 동시에 시켰다. 역시 둘다 맛있었다. 다만 뼈는 양념이 아래에만 모여있어서 다음에 하실때는 위에 얹어져서 양념이 골고루 베겨져 있었으면 한다. 순살은 닭에 칼집을 내어 양념이 잘들어가 있는데 뼈는 그렇지 않아 아쉬웠다. 하지만 만족한다. 리뷰를 쓴다고 약속했고 떡사리를 많이 주셨다. 콜라도 1.25L 서비스로 주었다. 가족끼리 좋은 저녁식사를 해서 좋았다. 배달도 30~40분 내외로 보통이었으며 배달기사도 친절했다. 배달과정에서 양념이 새는 손실은 발생하지 않았다. 전체적으로 만족하며 다음에도 또 시킬것이다.",양념치킨,"이번 달"
2020080500157599,180909017118,소요이선,5,"지인 소개로 시켜본 지코바치킨.
역시 소문대로 너무 맛있게 먹었습니다~",소금구이,"이번 달"
2020080500152338,201312131382,맛집만리뷰,5,"진심맛있어요 진심!!레알밥도둑!!",순살양념치킨,"이번 달"
2020080500040119,180224010224,mischa,4,"기대했던 맛이 아니었지만 먹을만했어요 떡 서비스 많이 넣어주셔서 감사합니다",순살양념치킨,"이번 달"
2020080500020666,190902005965,yeonyi,5,"헉....미친듯이 먹느라 사진찍는걸 까먹었어요 힝..맛은 대존맛 매우 매우 맛나네요. 왜그렇게 인기있는지 알겠더라구요 ㅎㅎ 양념도 넉넉해서 밥 열심히 비벼먹었어요. 지금도 생각하니 침고이는데 조만간 또 주문하러 올게요. 맛있게 만들어 주셔서 감사합니다.",순살양념치킨,"이번 달"
2020080400255280,171025002817,소원,5,"배달이 예정된 시간보다 더 늦게 도착했어요
70분 ㅠㅠ
자코바 순살 양념은 늘 언제나 항상 맛있어요
리뷰이벤트로 떡사리를 적었는데 쥬시쿨이 왔네요^^
참,양념에 다진 고추가 정말 맛있는데 오늘은 거의 없네요 ㅠㅠ",순살양념치킨,"이번 달"
2020080400238949,190606009215,Um2,5,"너무 맛있어요!! 밥이랑 같이먹으니까 최고에요....",공기밥,"이번 달"
2020080400242370,141101002599,ujlo****,5,"잘 먹었습니다~ 많이 챙겨주셔서 감사해요^^",순살양념치킨,"이번 달"
2020080400231720,170917012105,얌얌,4,"처음먹어봤는데 너무 맛있어요!! 앞으로도 자주 시켜먹을게요~ 근데 살짝 짜서 아쉬워요ㅠㅠ",순살양념치킨,"이번 달"
2020080400174973,181028002043,코또까,5,"오늘도 맛있게 잘 먹었습니다^^",순살양념치킨,"이번 달"
2020080400160896,160522002665,leb9****,5,최고!!!!,순살양념치킨,"이번 달"
2020080400145680,190407015317,치킨피자햄버거,5,"맛있어요!! 역시 치밥은 지코바",순살양념치킨,"이번 달"
2020080400105596,161204008026,경이,5,"사장님이랑 배달하시는분 엄청친절하시고 너무 맛있어요! 담에 또 시켜먹을게요!",순살양념치킨,"이번 달"
2020080400068645,150618000981,미래사업가,5,"처음시켜봤는데 맛있었어요 입맛까다로운 저희부모님과 남자친구가 엄청맛있다고하네용ㅎㅎ 자주시켜먹을게요!!",순살양념치킨,"이번 달"
2020080400010697,180327008611,그라체,5,"순살이 더 좋아요 뼈있는거보다 잘먹었습니",순살양념치킨,"이번 달"
2020080300241308,171112015357,꾸락키,5,"맛잇어욤 ㅎㅎ 셋이서 가볍게먹기좋은 사이즈이고여 ㅎㅎ 비오는날 땡겨서 먹었어요 ㅎ",순살양념치킨,"이번 달"
2020080300214952,201406062675,룰루,5,"뭐먹을까?고민될땐 지코바",순살양념치킨,"이번 달"
2020080300212413,180317010072,류리정,4,"맛있어요 좀짜긴하지만 햅반이랑 슥삭했어요bb근데순살아여도 양이좀 적네요ㅜㅠㅠ",순살양념치킨,"이번 달"
2020080300206378,200622002509,naya****,5,,순살양념치킨,"이번 달"
2020080300200354,161202005081,hjo1****,5,"항상 맛있게 먹었었는데 오늘은 쫌 아쉽네요ㅠ 음료도 콜라 대짜리로 변경한건데 쿨피스가 2개오고 소스가 다 굳은 상태로 치킨에 다 묻어있어서 너무 짰어요....",양념치킨,"이번 달"
2020080300183499,190524005087,수리수리,4,"한달도 안되서 두번째 주문해서 먹었어요. 넘맛있어요. 하지만 처음 주문했을때도 양이 아쉬웠는데 양이 더 적어진것 같아서 ㅠㅠ 떡사리 빼면 진짜 얼마안돼요",순살양념치킨,"이번 달"
2020080300176978,171220006340,옴뇽뇽,5,맛있어용~,순살양념치킨,"이번 달"
2020080300129082,190223003282,jya5****,5,"지코바 처음 시켜봤는데 너무 맛있었어요~!
떡추가 했는데 떡 양도 많고 이제 여기서만 시켜먹을래용",순살양념치킨,"이번 달"
2020080300061851,190320001151,폭군,5,"맛있어서 또 시켜먹었네요~",순살양념치킨,"이번 달"
2020080300056319,141217010351,rim8****,5,"밥까지 비벼서 맛나게 먹었네요~~감사합니다^^",순살양념치킨,"이번 달"
2020080200326544,170305002967,alta****,5,맛있었습니다,순살양념치킨,"이번 달"
2020080200274750,181014005084,예롱,5,맛있어요!!,순살양념치킨,"이번 달"
2020080200260835,171217015745,JK,5,,순살양념치킨,"이번 달"
2020080200205438,180130005967,월향,4,"맛있네요~ 사람들은 밥하고먹지만 저는 면사리가 더 잘어울릴것같은 맛이었어요 순살은  둘이서먹기엔 양이 살짝 부족하네요 서비스로 큰 콜라 주셔서 감사합니다 ^^",순살양념치킨,"이번 달"
2020080200169051,191229012529,잘먹겠습니다,5,"예상보다 배달도 빠르게 왔고 맛있게 잘 먹었습니다! 엄청 맵게 해달라고 요청 드려서 고추 팍팍 넣어주셨더라고요 조금 더 매운걸 원했지만 생맥주랑 맛있게 잘 먹었어요! :",양념치킨,"이번 달, 수정됨"
2020080200156123,180208007134,KIMD,5,"맛있게 잘 먹었습니다~~",순살양념치킨,"이번 달"
2020080200140448,180124016057,koala,5,"매운맛으로 주문했는데 많이 맵진 않았어요. 딱 적당한 매콤 ! 밥에 비벼먹으려구 양념 많이 부탁드렸는데 양념이 적어서 조금 아쉬웠어요. 다른건 다 만족! 떡사리도 서비스로 듬뿍 넣어주시고 배달도 빨라서 좋았어요. 다음에 또 주문할게요^^",순살양념치킨,"이번 달"
2020080200068153,180530009851,잠실지박령,5,"지코바 처음 먹어봤는데 역시 맛있었어요 !!! 잘먹었습니다 ~~~",순살양념치킨,"이번 달"
2020080200024720,180530007568,동이리,3,"주문순으로 시켰는데..,신뢰가안가네요ㅜ
구운거맞는지ㅜ아님 삶은건지구분이 잘안가요ㅜㅜ",순살소금구이,"이번 달"
2020080200019370,201406114484,awesome,5,"야식으로 최고, 지코바 없이 어찌 살죠?
잘 먹었습니당",순살양념치킨,"이번 달"
2020080100251515,200502015085,냠냠,5,"역시 지코바!! 기대 안했던 ?? 소금구이도 맛있었어요 대박",순살양념치킨,"이번 달"
2020080100244911,171217015859,figtea,5,"맛있어요! 공기밥도 흑미밥!!! 떡도 많아용 배달도 괜찮구요",순살양념치킨,"이번 달"
2020080100239782,180109010620,민지민아맘,4,"오늘 치밥생각에 양념을 주문햇엇는데 양념이 조금 새어 좀 싱거웠어요.다음에는 소스좀 넉넉히주세요.",양념치킨,"이번 달"
2020080100182835,180327006204,kj73****,5,"항상 맛있게 잘 먹고 있습니다😋",순살양념치킨,"이번 달"
2020080100183452,180821014461,냠냠,5,"사진은 못찍었지만 치밥해서 맛있게 먹었어요~~",순살양념치킨,"이번 달"
2020080100179968,190727018079,스카,5,"맛잇게 잘 먹엇어용!",순살양념치킨,"이번 달"
2020080100175572,200101016703,또를를,3,"음...지금까지 먹어본 지코바중에 젤 맛없었어요ㅠㅠㅠㅜ싱겁고 살도 뻑뻑해여",순살양념치킨,"이번 달"
2020080100173879,200519009203,냥냥이식빵,5,"지코바 처음 먹어보는데 매력있어요! 불맛도 나고 살도 실하네여 보통맛시켰는데 다음에는 매운맛 먹어봐야겠어욥",양념치킨,"이번 달"
2020080100168683,181229001544,요니,4,"밥이랑 먹으니 맛있어요",순살양념치킨,"이번 달"
2020080100151691,181207004002,정여니,5,"맛있어용 ~~ 떡도 많이 주시고~~",양념치킨,"이번 달"
2020080100131019,171101000869,로얄개미,2,"배송기사님이 넘어지셨는지 아님 난폭운전인진 몰라도
이상태로 왔네요..",순살양념치킨,"이번 달"
2020080100127886,150401002415,맛있당,5,"믿고먹는 지코바.....",순살양념치킨,"이번 달"
2020080100124460,181028002043,코또까,5,,양념치킨,"이번 달"
2020080100062969,190320001151,폭군,5,"너무 맛있게 잘 먹었습니다~^^",순살양념치킨,"이번 달"
2020080100040280,180214007101,쭈똥팔구,5,"여기 지코바가 젤 맛남 ㅎㅎ",순살양념치킨,"이번 달"
2020080100038205,180214006327,ldh9****,5,"우와 지코바 진짜 오랜만에 시켰는데, 이렇게 맛있을수가.... 진짜 밥까지 싹싹비벼서 남김없이 먹었네요ㅜㅜ 너무 맛있었어요!! 사진은 급하게 먹다가 찍어서ㅜㅜ",순살양념치킨,"이번 달"
2020080100010614,180829010909,영준,5,"다른지점에서시켜먹다 송파1호점 오늘 처음시켜봤는데 앞으로는 여기서만 시켜먹을거같아요.",양념치킨,"이번 달"
2020073100193481,200202005811,기가,5,"진짜맛있어요 마지막에 국물에 컵라면사리 삶아서 비벼드세요",순살양념치킨,"지난 달"
2020073100189389,180519005685,혜죠옹,5,"500ml 맥주 넘 좋네요
치킨은 말할게없죠
금요일 육퇴 후 혼맥+치밥은 진리(살찌는^^",양념치킨,"지난 달"
2020073100188212,180129006126,cccc****,5,"배달도 빠르고 맛있었어요~~!!!",순살양념치킨,"지난 달"
2020073100162820,181216001895,제푸횽,5,"치밥으로는 최고입니다.",순살양념치킨,"지난 달"
2020073100147038,171210030259,끼끼마앙,4,"맛있어용! 근데 좀 더 매콤했으면 좋을 거 같아요",양념치킨,"지난 달"
2020073100123188,191223012174,유우,5,"계속계속 먹고 싶네요
지코바 짱! ㅠㅠ",순살양념치킨,"지난 달"
2020073100118465,170730001607,kimy****,5,"역시 맛있습니다👍🏻",순살양념치킨,"지난 달"
2020073100108932,190815030481,끼언니,5,,순살양념치킨,"지난 달"
2020073100081062,200731003115,태곰이,5,"매웠지만 맛있게 매웠습니다~좀 더 달아도 맛있을것 같아요~!!",양념치킨,"지난 달"
2020073100065351,181007019334,송파동DK,4,"지코바 매운맛 시켰는데요
왜 전보다 덜 매워진것 같죠ㅠㅠ
오늘은 양념이 덜배었다해야하나? 묽었다해야하나
암튼 평소보다 진하지않아서 아쉬웠어요
그치만 요청사항대로 소스 넉넉히 주셔서
계속 찍어가면서 먹었습니다
맛은 역시 맛있었구요 담번엔 더맵고 진한소스이길 바래봅니다",양념치킨,"지난 달"
2020073100058064,170325006134,96je****,5,"오픈시간 기다려서 시켰는데,
처음 먹어봤는데 맛있어용❤️",순살양념치킨,"지난 달"
2020073100027473,180407010988,jseon,5,"오랜만에 주문해서 먹었는데 전보다 더 맛있어진것 같아요. 양도 좀 많아진것 같고 ㅎㅎ 어제먹었는데 오늘 또먹고싶어용☺️☺️",양념치킨,"지난 달"
2020073000213306,180114032809,sun9za,5,명불허전!,순살양념치킨,"지난 달"
2020073000179562,190902003044,밍졩,4,"처음 지코바 먹어봤는데 역시 맛있네요 !! 근데 밥이 좀 딱딱해서 ㅠㅠ 아쉬웠어요 ㅠㅠㅠ 그래도 치킨 맛은 굿이였습니다 ☺️☺️☺️",양념치킨,"지난 달"
2020073000180023,181130003898,조보아,5,"항상 맛잇게 먹어요 ㅎㅎ",순살양념치킨,"지난 달"
2020073000173247,191214009367,용이,5,"밥 비벼먹는게 맛있어서 요즘은 지코바만 시켜먹어요!!
너무 맛있어요",순살양념치킨,"지난 달"
2020073000174191,171103000096,밥풀두숟가락,5,"진짜 너무 맛잇네요 ㅠㅠ
지코바 치밥은 진리입니다..",양념치킨,"지난 달"
2020073000166622,180208004211,특급,5,"맛있고 떡사리 너무 좋았어요!
생각보다 배달도 빨리왔습니다",순살양념치킨,"지난 달"
2020073000166512,200104019317,무장공비,5,"지코바는 항상 정답입니다",양념치킨,"지난 달"
2020073000165485,150131014647,pooh****,5,"지코바 처음 먹어봤어요 
늘 유명하다고 말은 많이 들었는데 
이제야 먹어보았네요 
진짜 밥이 필수네요 ㅎㅎ
순한맛인데도 매콤하고 떡사리는 
리뷰참여 이벤트로 받았는데 엄청 넉넉해요 
떡도 정말 쫄깃하고 순살도 다리살이라
너무 좋아요 양념 남겨서 다음날 볶음밥 해먹고
싶을정도로 양념 귀하네요 
자주 자주 시킬것 같아요!",순살양념치킨,"지난 달"
2020073000150317,181006011914,로네,5,"치밥은 지코바라는 이야기를 전에 들었는데 이제야 먹어보네요 ㅎㅎ 양념도 넉넉하고 너무 맛있게 잘먹었습니다. 떡사리가 최고네요♡",양념치킨,"지난 달"
2020073000129311,201303090368,호이리,5,"오랜만에 시켰는데도 여전히 맛나네용ㅎㅎ",순살양념치킨,"지난 달"
2020073000108946,171219006605,youjeong,5,"주에 한번은 시켜먹는것같아요! 
항상 너무 맛있어요🥰
다음에 또 시켜먹겠습니댜",순살양념치킨,"지난 달"
2020073000108453,191214015833,그린바바바,5,"30분동안 고민해서 골랐는데 그만큼의 보람이 있는 맛이었어요! 맛있게 잘 먹었습니다:",양념치킨,"지난 달"
2020073000079237,181124001815,방이동식객,5,"항상 밥이랑 맛있게 먹었습니다 ㅎㅎㅎ",순살양념치킨,"지난 달"
2020073000057218,171212021545,문현수,5,"잘 먹었습니다 ~~~~~",순살양념치킨,"지난 달"
2020073000049669,190219006932,영만이,5,"맛있었어요 근데 떡사리 2개추간데 너무 적었네요",양념치킨,"지난 달"
2020073000042139,190530005020,두두콩,5,"병원에서 먹고싶어서 시켜먹었는데 너무 맛나게 먹었어요~~~",순살양념치킨,"지난 달"
2020072900234092,170213003087,138l****,5,"역시 지코바👍 양념
비와서 시간 여유있게 주문했고
50분 예상떴는데 35분만에 왔어요.

소스가 상자밖으로 흘러 박스도 젖고~ 봉지에 같이 묻어온건 아쉽지만
맛은 역시 맛있어요
치밥까지~ 또 시켜먹을거에요.",순살양념치킨,"지난 달"
2020072900212872,190422002587,하이루,5,,순살양념치킨,"지난 달"
2020072900198761,180522013010,봄봄봄봄봄이왔어요,5,"잘 먹었습니다",순살양념치킨,"지난 달"
2020072900191155,170314004281,홈런볼,5,"겁나 맛있음 서비스도 최고",순살양념치킨,"지난 달"
2020072900177666,160723015775,미식러,5,"밥까지 비벼먹었다.... 맛남ㅠㅠ",순살양념치킨,"지난 달"
2020072900161694,180428005713,dbgu****,5,"배달도 예상시간보다 빨리왔고 따뜻하게 먹을 수 있어서 좋았습니다! 양도 많고 맛있었어요👍🏻감사합니다!",순살양념치킨,"지난 달"
2020072900085705,201407286368,lssn****,5,잘먹었습니다~,순살양념치킨,"지난 달"
2020072900076726,181120007674,hnszoy,5,"주문한지 삼십분도 안지나서 도착했어요! 밥도 따끈따끈하고 치킨은 말할것도없이 맛있습니다 감사합니다~~~!",순살양념치킨,"지난 달"
2020072900032342,141224001897,쫄보,5,잘먹었습니다!!!!!!,순살양념치킨,"지난 달"
2020072800193955,171120004581,히즈세더,5,"종종 시켜먹어요~ 빨리 오고 맛있습니다~",순살양념치킨,"지난 달"
2020072800182931,200502013378,오틸,5,"언제 먹어도 질리지 않는 맛~👍
리뷰이벤트 서비스 주신 것도 잘 먹었습니다!! 
배달시간이 예상보다 늦었지만..워낙 잘 팔려서 바쁘셨던거라(? 생각하고 기다려서 잘 먹었습니다~
다만, 한가지 아쉬운 점은 치킨 양 이었어요ㅠ
떡사리 추가된 상태이고, 요즘 순살 양이 적게 느껴져서 미리 메모도 남겼는데ㅠㅠ
사진에 푸짐해보이려고 젓가락으로 수북이 쌓아도 그릇이 많이 비더라고요..
그치만 단골로서의 의리로 별5개 갑니다~
사장님~ 다음에는 기억해두셨다가  순살치킨  양 좀 더 신경써서 주시면 감사하겠습니다~~",순살양념치킨,"지난 달"
2020072800180139,190115007769,je1206,5,"맛있습니다! 떡사리가 정말 최고예요!!!",양념치킨,"지난 달"
2020072800139500,150811002382,밀가루먹기478일차,4,"다른지점에서 먹은거랑 다르게 양도 많고 국물도 자작하네요 그런데 양념도 다른것 같아요 
맛있게 잘 먹었어요오오오옹ㅇ",순살양념치킨,"지난 달"
2020072800024656,190219002639,bitns21,5,"맛있어요!! 떡사리 꼭 추가하세요!!",순살양념치킨,"지난 달"
2020072800030083,190429039524,예삐곤두,5,"맛있었어요 ㅎㅎ 양도 많고 체공",순살양념치킨,"지난 달"
2020072800008902,150701002772,lch0****,5,"맛있었어요. 매운맛도 과하게 맵지는 않네요 ㅎ 양념이 새서 좀당황했지만 떡사리랑 쥬시쿨도 챙겨주셔서 맛있게 먹었어요 ㅎ",순살양념치킨,"지난 달"
2020072700223936,160607002399,gywl****,4,"항상 맛있어서 자주먹는데 오늘은. . 탄맛이 좀 나서 아쉬워요ㅠㅠ",양념치킨,"지난 달"
2020072700167899,201406062675,룰루,5,"사람들이 지코바 지코바 하는 이유가 있군요!!맛있넹ㅎ!!!",순살양념치킨,"지난 달"
2020072700138637,180929019956,hyoniss,5,"우와~~~ 진짜 맛있어요:
밥이랑 같이 먹으니 최고에용~~
또 시켜먹을게요~~",순살양념치킨,"지난 달"
2020072700081159,191211001215,뽑히킴,5,"아 너~~~무 맛있었어요 ㅠㅠㅠㅠ 
리뷰이벤트로 떡사리 추가해주셨늠데 양도 많고 ㅠㅠㅠ
너무너무 맛있게 먹었어요 헤헤 
또 시켜먹을게요!",순살양념치킨,"지난 달"
2020072700043197,171130007618,합격,5,"항상 맛있게먹고있습니다. 번창하세요^^",순살양념치킨,"지난 달"
2020072700031104,181118001942,yuuuu,5,"배달도 빨리왔고 양념도 넉넉해서 맛있게 잘먹었어요!",순살양념치킨,"지난 달"
2020072600321383,191029002547,윤택,5,"지코바가 늘 제 마음 속 1등입니다,,양념 넉넉히 넣어달라고 요청했는데 잘 들어주시구 맛있게 잘 먹었습니다!",순살양념치킨,"지난 달"
2020072600317965,171219009185,꼴목,5,"지코바는 항상 옳습니다",순살양념치킨,"지난 달"
2020072600309027,181212010772,버섯옐,5,"너무 맛있게 잘 먹었습니다
다음에 또 주문할게요~~",순살양념치킨,"지난 달"
2020072600260521,201307190359,JMT를찾아서,5,"중간맛이 딱맛잇네요 떡사리추가도 최고",순살양념치킨,"지난 달"
2020072600263276,150711003394,홈런볼,5,"3일만에 또  시켰어요
떡 푹 익혀주셔서 감사해요
역쉬 맛있네요
잘 먹겠습니다 ♡",순살양념치킨,"지난 달"
2020072600225224,201308070046,서울갈매기,5,"이사와서 첫 지코바네염ㅎㅎ 이전동네에서 먹은곳만큼이나 맛있어요♡♡
번창하세욤!",순살양념치킨,"지난 달"
2020072600225096,160529002621,suna****,5,"소금구이는 처음 시켜보는데 맛있어요
담백하고 고소하고",소금구이,"지난 달"
2020072600188684,160816007194,훝흉,5,"지코바 순살양념 보통맛 시켜 먹었어요! 항상 맛있습니다 ㅜㅜ 같이주신 쿨피스로 입안을 달래며 먹으니 더욱 찰떡궁합이네요! 잘먹었습니다!",순살양념치킨,"지난 달"
2020072600175548,180523004162,니모미니짱,4,,순살양념치킨,"지난 달"
2020072600158567,180217008792,박윤서,5,"떡사리가 너무너무 맛있었어요!!bbb 밥 볶아먹은 것두 넘넘 맛났어요!",순살양념치킨,"지난 달"
2020072600145292,180325021789,마르슬랭까이유,5,"맛나욤 ~ 배달도 빠르거",순살양념치킨,"지난 달"
2020072600129218,150103000796,une825,5,맛있었습니다!,순살양념치킨,"지난 달"
2020072600107532,181215006009,며링,5,"진짜진짜 맛있게먹었습니다~~!!!!!! 배달도 빠르고 밥도 떡도 맛있고 최고👍👍👍",순살양념치킨,"지난 달"
2020072600075663,160412000519,찬이맘,5,,순살양념치킨,"지난 달"
2020072600057035,200720008301,하하맘,5,"역시 지코바 오랜만에 시켜먹었는데 기대를 저버리지 않는 맛있는 지코바 너무 맛있습니다.",양념치킨,"지난 달"
2020072600010461,190127015487,ddon****,5,"배달도 빠르고 밥이랑 먹어도 최고!",양념치킨,"지난 달"
2020072600000082,170301007862,hoho****,4,"맛있었어요
근대 매운맛 시켯는대 하~~~~~나도
전혀 1도 안맵던대...
저 원래 매콤한맛 씁습거리면서 먹거든여..
보통맛보다도 안맵던대..
아무튼 잘먹었습니당",순살양념치킨,"지난 달, 수정됨"
2020072500247042,180121028366,향단이,5,"계속 시켜먹고 있지만 시킬때마다 맛있어용~배달 무지 빨랐구요 맛 변치않길 바래요~~~담에 또시킬께용~",소금구이,"지난 달"
2020072500175365,171225017003,오잉,5,"살짝매콤하고맛잇어요 떡 사리 꼭 추가하세여!",양념치킨,"지난 달"
2020072500157540,170512001055,라궁우,5,"마시써요오 근데 여기는 똥집이 같이 안오네욤",순살양념치킨,"지난 달"
2020072500162170,160227003603,frie****,5,"잘먹었습니다 맛있어요!",순살양념치킨,"지난 달"
2020072500146559,181021004450,김보규,5,"맛있게 잘먹엇어영",순살양념치킨,"지난 달"
2020072500044699,170112006761,이쁜송이,5,"맛있습니다. 닭다리살이라 좋아요",순살양념치킨,"지난 달, 수정됨"
2020072500045463,200718000192,뭐먹지,5,"역시 믿고 먹는 지코바",순살양념치킨,"지난 달"
2020072500010174,180725007596,판타스틱,5,,순살양념치킨,"지난 달"
2020072400246383,200109001021,선마리,4,"맛나다는 소문에 너무떨리고 설레서 뼈치킨을 시켰어요ㅠㅠㅠ 순살을 시켜야하는데...다음엔 꼭 순살로 먹을래요
떡이 찰지고 맛나요. 갠적으로 전 소스 좀 더 맵게 마니 해서 먹음 더 젛을것 같아용",양념치킨,"지난 달"
2020072400244889,190111011672,사쿠라,5,"마싯어요 집에 햇반 없는게 아쉬움 ㅜㅠ",순살양념치킨,"지난 달"
2020072400245170,180701020107,펭펭,5,"오자마자 배고파서 사진도 못 찍고 순삭 했어요ㅜ
진짜 언제 먹어도 넘나 맛있는 것...",순살양념치킨,"지난 달"
2020072400239184,190805010460,아연,5,맛있었어요,양념치킨,"지난 달"
2020072400228725,181103014845,유닁,2,"쥬시쿨 잘먹겠습니다.😄

그런데 뭐랄까 이 지점 지코바양념구이 맛이 좀 다르네요ㅎㅎ 조리법이 누락 된건지, 이쪽 지역에 맞추신건지
지코바를 좋아해서 이곳저곳 많이 시켜 먹어봤었는데 맛이 좀 다르네요.
지코바양념구이의 꾸덕하고 진한 자극적인 맛을 좋아해서 시켜먹는데 이 지점은 좀 묽은것 같아요.
고추를 먹어도 찐하게 양념이 배어 있었는데 그렇지도 않구요
좀 아쉽네요ㅎㅎ
그동안 지코바 자체 맛이 변한건지, 근처 다른 지점도 시켜먹어 봐야겠네요",양념치킨,"지난 달"
2020072400211690,171112016000,우다다다다다,5,"맛있게 먹었습니다
치밥하려고 믿고먹는 지코바",순살양념치킨,"지난 달"
2020072400185984,190524009552,히나,5,"순한맛도 아이가 먹기엔 살짝 맵긴 해요
맛있었어요~~",양념치킨,"지난 달"
2020072400198490,180304000369,IAmKjm,5,맛있습니다~,순살양념치킨,"지난 달"
2020072400192249,180113016324,태아,5,"역시 지코바 ㅠㅠ 너무 맛있어용",양념치킨,"지난 달"
2020072400142054,141006003028,tosh****,5,"오늘도 맛있게 잘먹었습니다~ 
함께 챙겨주신 밥으로 마무리해서 또 과식을 했어요ㅋㅋㅋ",순살양념치킨,"지난 달"
2020072400137416,170725006469,nam2****,5,"왜 지코바 지코바 하는지 알겠네요
맛있게 잘 먹었어요~~
붐비는 시간 아니어선지 너무 빨리와서 깜짝 ㅎ",순살양념치킨,"지난 달"
2020072400101869,150214003370,양양앙양,5,"맛있습니다 배달도 빨라요",순살양념치킨,"지난 달"
2020072400100239,190202000190,바대궐,5,"맛있게 먹었습니다!",순살양념치킨,"지난 달"
2020072400082971,181124001815,방이동식객,5,"오늘도 정말 맛있게 잘 먹었습니다 ~",순살양념치킨,"지난 달"
2020072400082109,180109010216,다크그레이리본,5,"어제 퇴근하면서 정신없이 시키다보니 순살이 먹고싶었는데 뼈있는걸로 시켰더라구요 ㅋㅋㅋㅋㅋ
그래도 맛있었어요 동생이랑 배달오자마자 순삭했습니당
떡좋아해서 이벤트로 떡사리추가 한것도 맛있게 잘먹었습니다",양념치킨,"지난 달"
2020072400072917,171122002253,태이,5,"저거는 좀먹은건데... 보통맛 시켜도 매워요ㅜㅜ 그래도 먹을만합니다 떡이랑 치킨이랑 치킨무랑 먹으면 진짜 맛있어요ㅜㅜ 떡사리 많네요.... 맛있습니다!!!",순살양념치킨,"지난 달"
2020072400070348,170316000775,레비,5,"떡 맛있어용 ㅎㅎㅎㅎㅎ 양도 많아요 ㅎㅎㅎㅎ",순살양념치킨,"지난 달"
2020072400067324,180811014608,밤하늘,5,"순살을 시켜야 했는데...
잘못시켜서...그래도 맛나게 먹음",양념치킨,"지난 달"
2020072400025008,180613017847,dxd2****,5,"치킨은 역시 지코바!",순살양념치킨,"지난 달"
2020072300245786,180812011771,lifehero,5,"항상 잘 먹고 있어요 오늘도 비오는데 배달해주셔서 감사드려요. 매번 공기밥도 넣어주셨는데 오늘은 보이지 않더라구요 ㅜ 그래도 잘 먹었습니다",양념치킨,"지난 달"
2020072300235236,170602002843,잡스아빠,5,잘먹었습니당🙋🏻‍♂️,순살양념치킨,"지난 달"
2020072300213230,180126001487,태경,5,"너무 맛이네용",양념치킨,"지난 달, 수정됨"
2020072300153337,150711003394,홈런볼,5,"인근 지점중 제일 맛있네요
식감이  조금 뻑뻑하지만 
그래도 엄청 맛있어요 
이제 지코바는 송파1호점서만 시킬꺼에요",순살양념치킨,"지난 달"
2020072300117388,190302003996,슐기귤기,5,"떡 많이주셔서 감사합니당 마시써용",순살양념치킨,"지난 달"
2020072300029321,191223012174,유우,5,"리뷰 늦었네용 
양이 많아서 이틀동안 맛있게 먹었어요
밥도 같이 먹으면 존맛!
또 시킬게요~",순살양념치킨,"지난 달"
2020072300026086,190712005472,뉴뉴,5,"맛있어요~~~~~서비스 떡 많이 주셨어요 짱짱
다음에 또 시킬게용ㅎㅎ",양념치킨,"지난 달"
2020072200194033,170706003429,쭌맘,5,"너무맛있게먹었어여~제가 실수해서 전화드렸었는데 사장님도 친절하게 얘기해주셔서 감사했습니다~~^^역쉬 지코바~",양념치킨,"지난 달"
2020072200002695,190510023938,파란나라,4,"그냥 먹기에는 살짝 짜지만 밥반찬으로 매우 훌륭합니다. 덕분에 저녁은 치밥으로~ 이벤트로 떡사리 추가했는데 꿀맛입니다. 포장 할인 쿠폰 다운받아야하는 걸 몰라 할인은 못받았지만 아깝지 않네요. 2주내 재주문 의사 있습니다.",순살양념치킨,"지난 달"
2020072200004114,181108004783,대박,5,"치킨은 지코바입니다 ♡♡
환상적인 양념속에서  춤을 추고있는
닭들과떡사리 정말 맛있게  잘 먹었습니다",순살양념치킨,"지난 달"
2020072100166199,190426024718,닉네임잇숨,5,"왜 다들 지코바 지코바 하는지 알겠다. 

맛있다. 양많다. 빠르다. 따듯하다. 

완벽한 저녁식사였다.",순살양념치킨,"지난 달"
2020072100154190,160413008658,rock****,5,"치밥컷입니다. 아 몇일전 처음먹고 너무 맛나서 또먹어요.",순살양념치킨,"지난 달"
2020072100021862,190720021708,야옹,5,"일요일에 시켜 먹었었구요! 항상 맛있게 잘 해주시는거 같아요 순살 양념은 맨날 먹어도 안질리는거 같아요..3일에 한번씩 먹고싶은 지코바.. ㅎ
리뷰 이벤트도 해주셔서 너무 좋아요 서비스 짱입니다 :- 번창하세요",순살양념치킨,"지난 달"
2020072100000917,170706005746,sena****,5,"맛있게 맵네요 맥주를 부르는 그맛♡담에또 시킬께요~",순살양념치킨,"지난 달"
2020072000227781,150321001420,그린야채,5,"리뷰가 하루 늦었네요. 
중간에 먹다가 찍었다는... 맛있게 잘 먹었습니다.",순살양념치킨,"지난 달"
2020072000210190,170904001677,craft,3,"지코바 처음 먹어보는데 원래 이런건가요.. 아니면 오늘 조리가 잘못된건가요.. 고기가 너무 뻑뻑하네요... 어지간하면 별 다섯개 채워드리는데..ㅠㅠ",양념치킨,"지난 달"
2020072000167285,171013004465,오늘만,5,"치밥 맛있게 먹었어요",순살양념치킨,"지난 달"
2020072000153534,200714012059,이규엽,3,"뭔가 모를 비린내? 잡내가 좀 섞인 맛? 이상하네요
그런 냄새만 아니면 더 맛있을것 같은데 원인을 찾아서 개선해 주세요",양념치킨,"지난 달"
2020072000120327,180404005470,euro,5,"떡이랑 치킨맛있게 먹고 남은것들은 밥에 볶아먹으니 꿀맛 ㅎ",순살양념치킨,"지난 달"
2020072000054375,190810015175,리니니마미,5,"지코바 말로만 듣다가 처음 주문해봤는데
정말 맛있네요~!! 반만 먹고 반은 다음날 먹으려했는데
그 자리에서 순삭했네요..ㅎㅎㅎ
양념이 진짜 맛있어요! 
리뷰서비스 떡도 쫄깃하고 맛있어요
곧 또 시킬게요",순살양념치킨,"지난 달"
2020071900307346,180501014196,서현,5,"맛잇엇어용 또시킬게용",순살양념치킨,"지난 달"
2020071900289919,170320002524,류한나,4,"맛있었는데 배달시 문제가 있었는지 소스가 다 흘러 왔네요",순살양념치킨,"지난 달"
2020071900218026,190303003440,Tamara,5,"치밥하기 딱이네요~서비스 주신 떡사리도 아주 맛있고 푸짐하네요~잘 먹었습니다.",양념치킨,"지난 달"
2020071900204434,171210009307,바다,5,"맛있게 잘먹었습니다~",순살양념치킨,"지난 달"
2020071900186134,160413008658,rock****,5,"맛있어요어어엉... 그리고 치밥 첨먹어보는디.. 아 인정.",순살양념치킨,"지난 달"
2020071900175049,170501003255,sksu****,5,"첨먹은건데 치밥하니맛있네요^^",순살양념치킨,"지난 달"
2020071900121070,171025004797,플라워펭귄,5,"맛있게 먹었어요^^",양념치킨,"지난 달"
2020071900040766,200229003494,머벅,5,맛있음~~,양념치킨,"지난 달"
2020071800273526,200308002512,blue8277,5,"밥이랑 먹음 정말 맛나요~^^",순살양념치킨,"지난 달"
2020071800269562,200605001260,보얀,4,,양념치킨,"지난 달"
2020071800244434,171210012494,오금동주민,5,"사장님 저는 떡볶이랑 치킨을 시킨적이 옶는데 
떡볶이를 시키니 치킨이 온 느낌이네요? 
푸짐하게 주셔서 감사합니다!!!!!!",양념치킨,"지난 달"
2020071800239964,191229008440,서진,5,"맛잇게 잘먹었습니다~",순살양념치킨,"지난 달"
2020071800217996,190428024875,김은채,4,"딱 적당한 매운 맛에 순살이라 먹기도 편하고 너무 좋았어요!",순살양념치킨,"지난 달, 수정됨"
2020071800219080,171111011673,aone****,5,맛있어요~!!!!!,순살양념치킨,"지난 달"
2020071800206702,180304009108,ggg,5,"치밥으로 먹었어요~~ 맛있네용 
보통맛으로 먹었는데 하나도 안매워서 다음엔 매운맛으로 먹어보려구요~",순살양념치킨,"지난 달"
2020071800204864,190407000965,냐냘,5,"아니 지코바가 원래 이렇게 맛난 거였어요??!!
아이가 들고 뜯어먹는걸 좋아해서 소금구이 하나에 순살양념 매운맛했는데, 평소 매운거 좋아하는 저한테 완전 딱이었어요. 마지막으로 밥 비벼먹으니 극강.... ㅜㅜ 다이어트는 오늘 하루 잊었네요 ㅋ 자주 시켜먹을듯 해요. 정말 잘 먹었습니다!!!",순살양념치킨,"지난 달"
2020071800188562,180928012593,방구석미식가,5,"양이 생각보다 많네요ㅎㅎ 치밥엔 역시 지코바!",양념치킨,"지난 달"
2020071800179867,180310008740,비키형,5,맛있어요!,순살양념치킨,"지난 달"
2020071800161620,180617021832,이녜,5,"떡사리 진짜 많이 주셔서 깜짝 놀랐어요ㅋㅋㅋ원래도 많은데 이벤트 떡사리까지 하니까 넘쳐나요!! 양념도 넉넉해서 치밥까지 배부르게 잘먹었습니다 감사해요~ 지코바 양념 최고에여 언제 먹어도 안 질리는 맛!",순살양념치킨,"지난 달"
2020071800145117,190318007556,토마토요정,4,"맛있게 잘 먹었습니다~ 
다만 제가 다섯시 전에 주문하였는데 공기밥 서비스가 안왔네요.. 주말에는 해당이 안되는건지..",순살양념치킨,"지난 달"
2020071800135315,161106002237,Yeoni,5,"언제나 맛있어요~ 그런데 바쁘셨는지 콜라 안 주셔도 된다고 했는데 주셨더라구요. 원래 콜라를 안 먹어서 그런 거라 다음에는 꼭 빼주세요~ 맛있게 잘 먹었습니다!😊",순살양념치킨,"지난 달"
2020071800118520,180908003224,포카링,4,잘먹었습니당,순살양념치킨,"지난 달"
2020071800106411,181006008836,태태,3,"깔끔한 포장!
순살 추천드려요",양념치킨,"지난 달"
2020071800075636,160731005559,먹스터,4,"순살 시킨다는거 잘못시켰는데ㅜㅜ양은 많은데 살 바르기 넘 힘들었어요 순살드세요",양념치킨,"지난 달"
2020071800078312,180226011676,봉봉,4,"잘먹어요 잘받았어요",순살양념치킨,"지난 달"
2020071800044348,180114006663,aa,5,,순살양념치킨,"지난 달"
2020071800030841,180519015133,은희요정,5,"언제나 최고에요🤍",순살양념치킨,"지난 달"
2020071700217816,170521002265,dang****,5,,양념치킨,"지난 달"
2020071700203614,170310009047,nijh****,5,맛있어요!!,순살양념치킨,"지난 달"
2020071700136181,151220002165,사이다콜라,5,"매콤함이 덜해진 느낌이지만 맛있어용~~~",순살양념치킨,"지난 달"
2020071700133917,160312002276,로키로키,5,,순살양념치킨,"지난 달"
2020071700109039,180521006263,바나나맛카레,5,,순살양념치킨,"지난 달"
2020071600242956,200201015317,으랏차차차,5,"초복 입니다.
오늘의 선택은 치밥의 원조 지코바치킨 입니다.
아이들과 함께 먹으려고 순살양념치킨 순한맛으로 주문합니다.
우와~ 오랜만에 먹었는데 역시나 한결같이 맛있네요.
밥까지 쓱쓱 비벼먹으니 그릇 설거지가 필요없네요.
오늘 최고의 선택이였습니다👍👍👍

동의보감에서 닭고기는 성질은 따뜻하며 맛은 달고 독이 없으며 몸이 약해진 것을 보해주고 속을 따뜻하게 하며 정신을 건강하게 한다고 합니다. 
초복은 지나가지만 이번 여름 지코바치킨 강력추천 합니다.",순살양념치킨,"지난 달"
2020071600234898,201212250335,wueldbsdk,4,"오랜만에 먹었는데 맛있었어요! 근데 밥비벼먹을 소스가좀부족해서 아쉬웠어여ㅠㅠ",순살양념치킨,"지난 달"
2020071600205185,171010007394,moor,5,"배달도 빨리 오고 맛있었어요!!",순살양념치킨,"지난 달"
2020071600157019,160221001567,zainn14,5,"오랫만에 먹었는데 감동의 물결~~ㅠㅠ",순살양념치킨,"지난 달"
2020071600109997,150109001456,그린애플,5,"아 정말
너무 맛있어요ㅠㅠ
밥까지 서비스 주셔서 환상적!!
또 주문할께요:",순살양념치킨,"지난 달"
2020071600054209,201407172926,kamb****,5,"금방 만들어서 왔는지 치킨이 매우 뜨거웠습니다. 먹을수록 청양고추 매운맛이 스며들어서 너무 매웠어요ㅎㅎ 서비스 주신 밥이 고들고들하니 맛있게 잘 먹었습니다.",양념치킨,"지난 달"
2020071600041979,201404090151,이힝,5,"1인분 밥이랑 뚝딱",순살양념치킨,"지난 달"
2020071500218740,190314008298,곽기,5,"언제 시켜도 늘 맛이 한결같다는게 제일 큰 장점 같아요 오늘도 너무 맛있게 잘 먹었습니다!
예상시간보다도 빨리 오고 따뜻하게 와서 진짜 맛있었어요!",순살양념치킨,"지난 달"
2020071500193029,161113006606,맛딜,5,,순살양념치킨,"지난 달"
2020071500179224,190209018785,별님,5,"저녁 준비하기 싫을 때 애들 먹이기 딱 좋은 아줌마의 최애메뉴입니다. 이벤트로 주신 밥도 얼마나 꾹꾹 눌려담았는지 숟가락이 들어가지 않을 정도~ ㅋ 
푸짐하게 잘 먹었습니다^^",순살양념치킨,"지난 달"
2020071500163767,200309003955,무주리,5,"역시 치킨은 치밥짱 잘먹었습니다",순살양념치킨,"지난 달"
2020071500103167,191205005194,주지훈의닭발,4,"맛있네요 야들야들 한 부드러운 살이 더 많았으면 좋겠어요",순살양념치킨,"지난 달"
2020071400173845,190825005347,썬썬,5,"맛있게 먹었어요.시간도 잘 맞게 주셔서 좋네요.",순살양념치킨,"지난 달"
2020071400143545,150924002675,2001****,5,"첨시켯는데 맛있어요 ㅠ 치킨에 밥을 왜 시켜먹나 햇는데 밥이 필요하네요 ㅋㅋ",순살양념치킨,"지난 달"
2020071400071910,190620003072,ㅎㅇㅎㅇ,5,"배달도 빨리 오고 정말 맛있어요 
다 먹고 치밥까지 뚝딱",순살양념치킨,"지난 달"
2020071400000019,160607002399,gywl****,5,역시맛잇어요🤗,양념치킨,"지난 달"
2020071300120591,180712001257,찌니뿡뿡,5,"아이들과 치밥했어요~~
맛있다고 엄청 잘 먹어요~~
담에 또 시킬께요",순살양념치킨,"지난 달"
2020071200333596,150822004606,ming****,5,"짱맛존맛 
밥한공기 미리얘기하면주시는서비스도너무좋아요
치밥. 배불리먹엇네요~♡",순살양념치킨,"지난 달"
2020071200329812,190508019693,홍콩으로배달해주세요,5,"맛있게 잘 먹었습니다",순살양념치킨,"지난 달"
2020071200285575,171120003588,kaylee,5,,순살양념치킨,"지난 달"
2020071200249309,180824014445,차차,5,"역시나맛나요 우동사리츠가되면 더맛날듯 ㅠ",순살양념치킨,"지난 달"
2020071200077533,191127002213,금나,5,"맛있어요! 공기밥 서비스 감사합니다.",순살양념치킨,"지난 달"
2020071100143605,200211009333,궁궁쓰,5,"맛있어용 사진도못찍었네요ㅠ 존맛탱❤️",순살양념치킨,"지난 달"
2020071000238682,190515020529,최기사,5,"맛있게 잘먹었습니다",순살양념치킨,"지난 달"
2020071000185928,190905010598,진가장녀,2,"재주문 의사 제로네요 요청사항 확인 1도안하신 점 전화받은분 사장님인지 알반지 배송지연도 태연하게 출발한지 20분넘었어요 가 말이에요 막걸리에요
별하나 주려다가 매너상 두개.",양념치킨,"지난 달"
2020071000188052,171229015028,환이,5,맛있었습니다!,순살양념치킨,"지난 달"
2020071000098235,180521013167,가나다라자연,5,"처음 먹어봤는데 밥이랑 너무 잘맞아서 다 먹었어요ㅎㅎ 잘먹었습니다 감사합니다",순살양념치킨,"지난 달"
2020070900220896,180909012649,니니,4,"치킨은 맛있었습니다만 보내주신 밥이 좀 오래된 것 같습니다. 일단 잘 떠지지 않구요 안에는 더 딱딱하게 굳어있고.. 치밥 먹고싶었눈데 비벼지지가 않아서 포기했어요ㅠㅠ 담번을 기대하겠습니다!",순살양념치킨,"지난 달, 수정됨"
2020070900194307,201402010559,내가배민vvip,5,"맛있고 좋은대 하필.. ㅠㅠ 양념 다 흘려서 왔어요",순살양념치킨,"지난 달"
2020070900186172,171223008735,숭어숭어,5,"너무 맛있게 잘 먹었습니다!! 배달도 뜨끈뜨끈하게 빨리 왔어요. 너무 짜지도 맵지도 않고 적당해서 좋았어요~~",순살양념치킨,"지난 달"
2020070900177043,181222012205,대한,5,"먹다가 생각나서 뒤늦게 찍네요 빠르게왔고 양도많고 맛있어요",순살양념치킨,"지난 달"
2020070900166399,180724012221,짱혜인짱짱,5,"배달 받자마자 너무 배고파서 바로 먹는 바람에 사진을 못찍었어요 ㅠㅠㅠ 지코바 포레버!!!!",순살양념치킨,"지난 달"
2020070900101717,190202000190,바대궐,5,맛있게먹었습니다!,순살양념치킨,"지난 달"
2020070900064763,200219002380,mins,5,"양도 푸짐하고 밥도 따뜻했어요!
맛있게 잘 먹었습니다
배송도 오래 안걸렸어요ㅎㅎ",순살양념치킨,"지난 달"
2020070900046988,180802008411,뇨나뇨,5,"역시 치밥은 지코바가 일등이에요
너무 맛있구 서비스로 주신 공기밥도 햇반 아니고 직접 지은 밥 같아서 감동이었슴당",순살양념치킨,"지난 달"
2020070900031884,180326011338,밥줘유,5,"지코바 치킨(feat.치밥 처음 먹어 봤는데, 완전 만족입니다! 거의 이십분만에 엄청난 스피드로 배달을 해주셔서 덕분에 갓 조리된 듯한 아주아주 뜨거운 치킨을 먹었습니다.
이렇게 배달로 완전 뜨거운 치킨 먹어보긴 처음인 것 같아요. 감동쓰~~~보통 맛이지만 맵지 않았고 양도 많아서  담에 또 시켜 먹을 예정입니다.👍",순살양념치킨,"지난 달"
2020070900023010,171230003728,kikisusu,5,"진짜 너무 맛있게 잘 먹었습니다",순살양념치킨,"지난 달"
2020070800214775,200131015870,yzg5****,5,"저번보다 맛있어요",순살양념치킨,"지난 달"
2020070800187596,160814024289,경서,5,"언제나 맛있는 지코바 송파점^^ 믿고 먹습니다~",순살양념치킨,"지난 달"
2020070800108378,190227006594,냠냠,5,"맛있어요 리뷰이벤트로 밥도주셔서 치밥도 해먹었어요",양념치킨,"지난 달"
2020070700238081,150405004364,bum3****,5,"맛있어용 맵짠맵짠",양념치킨,"지난 달"
2020070700004073,191110012713,사람으로태어난돼지,5,"맛있는데 양이 쫌...ㅠ",순살양념치킨,"지난 달"
2020070600195233,180721011468,jw,5,"역시 진리의 지코바 치밥 ㅠㅠㅠ 저녁 안먹으려다가  저도모르게 시켜먹었어요.. 
근데 저번에도 그렇고 이번에도 박스 밑이 다 젖어서 왔어요
저는 음식에는 이상이 없어서 괜찮은데 그래도 주의 부탁드립니당🙏🏻",순살양념치킨,"지난 달"
2020070600194159,151018007007,코카범,5,"정말 맛있게 먹었습니다~!",순살양념치킨,"지난 달"
2020070600179027,170724000948,kim8****,5,"순살양념구이치킨 진짜 맛있어여~ 배달도 빠르고 너무 맛있게 잘 먹었어요~",순살양념치킨,"지난 달"
2020070600165833,150705000404,vvlz****,5,맛있어염~~,순살양념치킨,"지난 달"
2020070600039393,180331004522,안문숙,5,"평소보다 더 매콤하고 맛있었어요
15분만에 온듯.. 따뜻하구 최고!!!",순살양념치킨,"지난 달"
2020070500312719,180822014159,히주,5,"매운맛인데 많이 맵지 않아요
밥이랑 잘어울려요",순살양념치킨,"지난 달"
2020070500287716,161216026134,ekgp****,5,"믿고먹는 지코바 
늘 맛있어요!!",순살양념치킨,"지난 달"
2020070500272205,170125005870,sohe****,5,"떡도 엄청 들어있고 맛있어요 양념도 많고 밥이랑 잘먹었습니다",순살양념치킨,"지난 달"
2020070500194889,190521005382,도쿠마,5,"맛있어요 항상",순살양념치킨,"지난 달"
2020070500102310,190715004320,면이최고지,1,,순살양념치킨,"지난 달"
2020070500103249,160915006948,aaaz****,5,너무맛있어요ㅎㅎ,양념치킨,"지난 달"
2020070500092233,161029003755,shuv****,5,"보통맛도 매콤 하네요 ㅠㅠ 부드러운 살 보단 오늘 좀 퍽퍽살이 비율이 커서 아쉬웠지만 밥도 꾹꾹 눌러담아주시고 소스도 요청사항대로 많이 주셔서 배부르게 잘먹었습니다 ^.^",순살양념치킨,"지난 달"
2020070500051356,180213011590,아배고프다,5,맛있었습니다!!,순살양념치킨,"지난 달"
2020070500023675,190613003075,에리,5,"오랜만에 시켰는데 맛있어용 역시 지코바",양념치킨,"지난 달"
2020070400257793,180708009319,아나이스,5,"넘 맛있었어요!! 또 주문할게요:!",순살양념치킨,"지난 달"
2020070400226242,181030008236,후렌치파이,3,,양념치킨,"지난 달"
2020070400213331,200704011589,JIMINI,5,"밥도 서비스로 주고 맛도 있어요 다음에  매운맛으로 먹어볼게요",순살양념치킨,"지난 달"
2020070400165566,160607002399,gywl****,5,"맛잇어용 ㅎ",양념치킨,"지난 달"
2020070300147778,181107002508,sopsuny,5,"지인 통해서 알게 됐는데 너무 맛나요 ㅎㅎ 배달도 빠르고 떡도 너무 많이 주시고 맛있어요!! 자주 먹고 있습니당 ㅎㅎ너무 순삭해서 사진을 못찍었네요",순살양념치킨,"지난 달"
2020070300119282,171019007035,파워솜사탕,5,"항상친절하고 맛있어요! 배달도 빨라서 좋아요",양념치킨,"지난 달"
2020070200185828,190809009294,금동엄마써니,5,"배달도 엄청 빨랏고 맛있었어요",순살양념치킨,"지난 달"
2020070200149082,181113011661,bum0401,5,,양념치킨,"지난 달"
2020070200115607,190719012031,sooa,4,"매운맛으로 주문했는데 다른 지점보다 안맵고 ㅜ 그냥 보통맛 같아요! 양념도 부족해요 ㅜ",순살양념치킨,"지난 달"
2020070200059125,190105000632,wlwlgusld,5,"넘넘 맛있어요~~!!",순살양념치킨,"지난 달"
2020070100220050,190515020529,최기사,5,"처음 시켜먹었는데 진짜 맛있네요!!
서비스 공기밥도 잘먹었습니다~
자주 먹어야겠네요 ㅎㅎ",순살양념치킨,"지난 달"
2020070100216682,170105009202,mjki****,5,"너무 맛있게 잘먹었습니다!!",양념치킨,"지난 달"
2020070100090828,190107002727,배고프다,5,"역시 치밥은 지코바죠!!
맛있었습니다:

+그런데 콜라가 이상해요ㅠㅠ추가금 내고 큰 거로 시켰는데 탄산이 하나도 없는 설탕물로 왔네요...윗 부분에 공간이 많이 남아있길래 미개봉 상태인거 체크하고 열었기에 가게 잘못이라고 생각하진 않지만 한 번 확인해보시는 게 어떨까 싶어서 리뷰 남겨요!!",순살양념치킨,"지난 달"
2020070100055625,181021007536,와꾸,5,,순살양념치킨,"지난 달"
2020063000206536,171102007115,82,5,"매콤한 치킨 느끼한 맛도 없고
완전 입맛 저격~~",양념치킨,"2개월 전"
2020063000169247,171211005819,보래미,5,,양념치킨,"2개월 전"
2020063000058496,170103005475,kyj_****,5,"공기밥도 서비스로 주시고 배달도 깔끔하고 치킨도 역시 맛나구 최공최공👍🏻",순살양념치킨,"2개월 전"
2020063000054483,171206012532,이주현,5,"비오는 날에도 빠른 배송과 따뜻한 음식 감사합니다^^",순살양념치킨,"2개월 전"
2020063000030484,190113003691,바케,5,"역시 지코바 매콤하고 밥이랑 비벼먹으면 더 맛있어요!!!",양념치킨,"2개월 전"
2020062900217996,190421021423,glycolix11,4,"양 많아요.~ 양념 많이 달라구 했는데 바닥정도로만 있어서 조금 실망했지만 맛있게 먹었어요~ 비가 와서 그런지 바닥에 양념이 좀 새서 ㅜㅜ 아무튼 잘 먹었습니다",순살양념치킨,"2개월 전"
2020062900187351,190524002609,제인,2,"김다빠지고 완전 미지근한 콜라와서 실망입니다
무슨 콜라가 김다빠져서오는지...당황스럽네요
치킨 맛잇긴한데 양념소스도 너무 적고 살이 너무 퍽퍽해요
치킨보다 떡이 맛잇네요
간잘배이게 조리해주시지..ㅠ 너무아쉬움만남네요
원래 지코바 맛잇엇는데...담엔 순살로 걍 시키렵니다
양념잘배이게 신경써주세요 그리고 양념이 많아야 치밥할텐데 치밥하기엔 양념소스가 너무너무 적어요ㅠㅠㅠㅠㅠㅠ
사진만 그럴싸하게나왓네요",양념치킨,"2개월 전, 수정됨"
2020062900122733,181130003898,조보아,5,잘먹엇습니다!,순살양념치킨,"2개월 전"
2020062900119743,190424006992,우우ㅜ우웅,5,"역시 지코바는 맛있어용",순살양념치킨,"2개월 전"
2020062900107853,180617003663,오리,5,맛있습니다.,순살양념치킨,"2개월 전"
2020062900041379,181117004746,Robin,5,"밥 비벼먹기 아주 좋아요!",순살양념치킨,"2개월 전"
2020062800268589,170219011336,tnsk****,5,"순한맛도 꽤 끝맛이 맵싹해서 깔끔하네요
양념이 약간 간장닭볶음탕? 찜닭  느낌이라 밥이랑 잘어울려요 양도 많아서 남은 반은 내일 아침으로 먹으려구요",순살양념치킨,"2개월 전"
2020062800190567,171231015278,lafin,5,"서비스 밥까지 잘 먹었습니다.",순살양념치킨,"2개월 전"
2020062800171553,160709005246,ㅇㅅㅇ,5,"맛있게 잘 먹었습니다!",순살양념치킨,"2개월 전"
2020062800161409,190417013222,popomons,5,"앙념 맛있어요~~~",양념치킨,"2개월 전"
2020062800010628,140822002308,맛있으면0kcal,5,"맛있게 잘 먹었습니다
서비스로 주신 밥이 너무 맛있어요 흑미밥 짱><",순살양념치킨,"2개월 전"
2020062700255491,180812001446,떡볶이약혼녀,5,"너무 맛있어요!!!",순살양념치킨,"2개월 전"
2020062700125706,180113024077,먹는건자신있다,5,"먹다가 리뷰 올리려고 찍었어요 ㅋㅋㅋ
양념 정말 싹쓸이 했습니다! 밥 순삭
밥도둑",순살양념치킨,"2개월 전"
2020062700122550,180214007101,쭈똥팔구,5,"역시 지코바는 순살양념 매콤한 맛이 국룰..",순살양념치킨,"2개월 전"
2020062700041149,160520002754,핸,5,"지코바는 사랑이죠~~🥰
리뷰이벤트 공기밥이 흑미밥이여서 더 만족스러워요~💙💙",순살양념치킨,"2개월 전"
2020062700041025,170710009373,오리,5,"사진을 못찍고 다 먹었지만 진짜 너무 맛있었어요ㅠ 매운맛도 그렇게 엄청 매운편은 아니지만 보통맛이 딱 부담없이 맛있게 매콤해서 앞으로도 보통으로 자주 시켜먹을것 같아요! 잘먹었습니다~~!",순살양념치킨,"2개월 전"
2020062600165632,160607002399,gywl****,5,👍🏻👍🏻👍🏻👍🏻👍🏻,양념치킨,"2개월 전"
2020062600164553,190815037662,화려한군침,5,"진짜 맛있어요ㅎㅎ 시간 맞춰 준비해주시고~~ 덕분에 불금 잘 보냈습니다!!!!",양념치킨,"2개월 전"
2020062600161711,171228014856,샤라포바,5,"아주 맛있었어요!",순살소금구이,"2개월 전"
2020062600161220,200112005946,하라짱,5,,순살양념치킨,"2개월 전"
2020062500193822,180124008253,뚝따이,5,"넘 맛잇어요 ㅋㅋㅋㅋㅋ ❤ 담에 또 먹고싶어요 ㅋㅋㅋ",순살양념치킨,"2개월 전"
2020062500194473,200119014994,빨판상어,5,,순살양념치킨,"2개월 전"
2020062500180102,170806003084,다다다,5,"지코바는 언제나 진리죠!",순살양념치킨,"2개월 전"
2020062500037722,190716001623,민징,5,"옴뇸념 맛있어요",순살양념치킨,"2개월 전"
2020062500018867,180915018005,엉덩이킥,5,,공기밥,"2개월 전"
2020062400122403,170724000948,kim8****,5,"처음시켜 먹어봤는데 진짜 맛있네요~",순살양념치킨,"2개월 전"
2020062400121422,170129001551,맛집찾자,5,,순살양념치킨,"2개월 전"
2020062400040514,170721007994,고기조하,5,"잘 먹었습니당!",양념치킨,"2개월 전"
2020062400039553,160327002090,didd****,5,"갓코바 맛있게 잘 먹었습니다",순살양념치킨,"2개월 전"
2020062400003645,161011003907,co_c****,5,"졸맛탱탱 !!! 후 지코바 양념순살은 ㄹㅇ밥도둑",순살양념치킨,"2개월 전"
2020062300182769,180117001997,주주,5,"넘 맛있어서 앉은자리에서 뚝딱했어요... 또 시켜먹고싶어요ㅠㅠㅠㅠㅠㅠ",순살양념치킨,"2개월 전"
2020062300141109,150923002256,호록로로로록,5,"맛있어요! 맛있게 매워서 좋고 공기밥,,,비벼먹으면 꿀맛",양념치킨,"2개월 전"
2020062300077150,171019007035,파워솜사탕,5,"항상 맛잇어요 배달도 완전빠르고!",양념치킨,"2개월 전"
2020062300015427,150625000389,숏돼지,2,"지코바순살 항상 감동하며 맛있게 먹었었어요.
오랜만에 먹는데 살도 그렇고 양념도 그렇고 맛이 없네요.. 실망스러웠습니다.",순살양념치킨,"2개월 전"
2020062200180095,170903002779,갱구갱구,5,"항상 맛있는 지코바... 오늘따라 떡이 너무 맛잇었어요 (물론 치킨도!! 번창하세요~~~",순살양념치킨,"2개월 전"
2020062200159264,181020003665,Focus,5,"항상 너무 맛나요 ㅎㅎ 또먹을께요",순살양념치킨,"2개월 전"
2020062200132249,200527005728,냥냥,5,"오우 제일 맛있었어요!!!!",순살양념치킨,"2개월 전"
2020062200040551,181111019198,자전거왕진,5,"지코바는 역시 배신하는법이 없네요ㅎㅎ
존맛🤪",순살양념치킨,"2개월 전"
2020062100285309,171102007115,82,5,"매콤한맛  느끼하지 않아서 맛나네요.",양념치킨,"2개월 전"
2020062100082713,201302220099,배달맛집블러거,5,"치밥은지코바
리뷰밥이안와서다시갖다주심
알바생응대가별루..
알바하는입장인건알지만
리뷰밥이안간것이니
그냥먹어라라는뉘앙스..
사장님도시간걸릴거라는답변..
끝내는밥을직접갖다주시긴했지만
기분은별로..",순살양념치킨,"2개월 전"
2020062100074434,190816007790,응엉이,5,"처음먹는데 개맛있네요 진심..",순살양념치킨,"2개월 전"
2020062100036265,181002001179,우정윤,5,"역시 지코바ㅠㅠㅠㅠ넘 맛있었어요ㅠㅠㅠ담에 또 시킬게요ㅠㅠㅠ!!! 담엔 마운맛 시켜모려구요!!",순살양념치킨,"2개월 전"
2020062000276651,190416004123,청랑,1,"저만 그런가요ㅠ 
양념 다세고 밥은 떡이고
치킨 어떤건 부드럽고 어떤건 딱딱해요.",순살양념치킨,"2개월 전"
2020062000263886,160116000333,라이더,5,"원래 순살매니아라 순살이 다떨어져서 뼈시켯네요ㅠ
맛도잇고 밥도둑인데 허나 저는 순살이 더 좋은가봅니다 ㅠ",순살양념치킨,"2개월 전"
2020062000247747,201407081265,참치회,5,"늘 잘먹고 있습니다",순살양념치킨,"2개월 전"
2020062000244580,141020000696,카스테라,5,맛있어요~,순살양념치킨,"2개월 전"
2020062000214056,200607012514,포토그래퍼,5,"배달도 빠른 편이였고 맛있게 먹었습니다 ^^",순살양념치킨,"2개월 전"
2020062000092116,190719007722,메이,5,"오~ 양념 치킨 최고에요! 치킨은 딴 식구 먹고 전 양념이 맛잇어 밥을 비벼먹엇답니다~ 또 생각나는 맛이에요 잘 먹었습니다~~",순살양념치킨,"2개월 전"
2020062000012278,170730004785,rhym****,5,"굿굿굿굿굿 언제나 맛있어요. 밥비벼먹는 치킨",양념치킨,"2개월 전"
2020061900192041,190915015661,유유,5,"2일전에 시켰는데 지금 쓰네요
맛있어서 너무 좋은 지코바치킨!!!근데
큰 콜라가 안왔어요ㅜㅜ",순살양념치킨,"2개월 전, 수정됨"
2020061900173709,181127003179,뱅뱅,5,"치밥하면 지코바! 지코바 덕분에 즐거운 금요일밤 보내구 있습니다~",순살양념치킨,"2개월 전"
2020061900119598,180603013534,세라비,4,"제가 지점을 잘못시켰는지 거리가 멀은지 많이 식어서왔어요ㅠ 안식었다면 더 맛있었을꺼같아요",순살양념치킨,"2개월 전"
2020061900098761,200527005728,냥냥,5,"또 먹고 싶어요 ㅠㅠ",순살양념치킨,"2개월 전"
2020061900055098,160915006948,aaaz****,5,넘모맛있자너,양념치킨,"2개월 전"
2020061800192373,181130003898,조보아,5,"맛있어요 ㅎㅎ",순살양념치킨,"2개월 전"
2020061700212212,160701005953,아임그루트,5,"아 밥한공기 순사크..",순살양념치킨,"2개월 전"
2020061700200684,160607002399,gywl****,5,맛잇어요ㅎㅎ,양념치킨,"2개월 전"
2020061700141196,170129001551,맛집찾자,5,,순살양념치킨,"2개월 전"
2020061700037581,190415023194,다먹어버리가써,5,"소면까지 싹 비벼먹었습니다👍🏻👍🏻👍🏻👍🏻",순살양념치킨,"2개월 전"
2020061600204928,180113005174,Junwoo,5,"지코바는 언제나 옳다. 잘 먹었습니다! 오늘따라 더 맛있네요",순살양념치킨,"2개월 전"
2020061600166334,161216037988,옴뇸뇸,5,"늘...쫀맛.....첫끼는 치킨만...남은치킨과 소스는 다음날 볶음밥으로. 👍👍",순살양념치킨,"2개월 전"
2020061600148648,190925007901,야만인,5,"맛있게 잘 먹었습니다.
직접 하신 밥이 정말 맛있네요",순살양념치킨,"2개월 전"
2020061600135380,151216006082,ppin****,5,"순한맛 시켰더니 지코바 특유의 매콤함이 좀 덜했지만 역시 지코바는 맛있네요 담엔 보통맛으로 시킬래요 공기밥 주셔서 치밥 잘 먹었어요 ㅋㅋ",양념치킨,"2개월 전"
2020061600131852,190912009823,요기요요기,5,,양념치킨,"2개월 전"
2020061600067095,170129001551,맛집찾자,5,,양념치킨,"2개월 전"
2020061600020240,161215006758,김뮤직,5,"치밥엔 지코바만한게 없는거같아요 너무 맛있게 잘 먹었어요 다음 야식도 지코바 당첨!",순살양념치킨,"2개월 전"
2020061600003899,190803017083,ljmg****,2,"지코바 브랜드 자체를 좋아해서 별 2개 드리지만...
솔직히 매장 자체는 너무 실망했습니다.
찜하기 누르고 공기밥 신청했는데 오지도 않고 다른 매장(성내점보다 배달비 1000원이나 더 비싸고,
콜라도 작은 캔으로 오질 않나... 카드영수증이나 그런 전달사항도 하나도 본것 같지 않고 ..
정말 이런말 하기 죄송합니다만 성내점 월요일 휴무 아니었으면 절대 안시킵니다.
좀 다른매장하고 비교해보시면서 자기매장 문제점 확인해보셨으면 합니다.",순살양념치킨,"2개월 전"
2020061500157596,140904000627,nova****,5,"맛있게 잘먹었습니다",순살양념치킨,"2개월 전"
2020061500092290,170421005930,jsj6530,5,"항상맛있네요 자주 주문해 먹을게요",순살양념치킨,"2개월 전"
2020061500037204,140903002243,sine****,5,"보통맛이 생각보다 약해서
다음엔 매운맛도전!
지코바는진리",양념치킨,"2개월 전"
2020061500024796,160928004820,monk****,5,"맛있게 잘먹었네요 ㅎ",순살양념치킨,"2개월 전"
2020061400322733,150214003370,양양앙양,5,"맛있습니다 배달도 빨라요",순살양념치킨,"2개월 전"
2020061400311952,181118020866,Hello,1,"다 터져서왔어요 ㅜㅜㅜㅜ",순살양념치킨,"2개월 전"
2020061400287659,150921000738,와이거이거,5,"지코바 맛있어요
밥이랑 먹었어요
근데 떡이 많았어요
탄수화물 중독자는
행복합니다",순살양념치킨,"2개월 전"
2020061400041545,161028000435,블리향,5,"지코바 맛있어여~ 
기름기가 쫌 있어서 저는 밥 비벼서는 못먹고
살코기 먹고 밥 먹고 했는데도 대존맛탱
남친이는 밥 비벼 먹었음다 ㅋㅋㅋ
또 주문할께여~~",순살양념치킨,"2개월 전"
2020061400011095,190421021423,glycolix11,5,맛있어요~,순살양념치킨,"2개월 전"
2020061300306572,180819023664,칰칰,5,최고입니다....,양념치킨,"2개월 전"
2020061300233040,180515006021,롤붕이23,5,"장미아파트에서 시킨건데 빨리와서
뜨거웠어요
두번째 먹는건데 맛있네요.
번창하세요",순살양념치킨,"2개월 전"
2020061300210974,190719014002,불불,5,"맛있어요 배달도 깔끔하게오고요",순살양념치킨,"2개월 전"
2020061300188931,180124016057,koala,5,"맛있어요~!! 떡사리 추가했는데 양이 엄청 많아요 ^^ 밥도 챙겨주셔서 비벼먹으니 꿀! 친절하고 배송도 빨랐어요 다음에 또 시킬게요^^",순살양념치킨,"2개월 전"
2020061300179192,190105010014,mjin,5,"믿고 먹는지코바^^
빠른배송 감사합니다 ㅎㅎ",순살양념치킨,"2개월 전, 수정됨"
2020061300038664,180225011028,먹깨비요,5,"밥이랑 먹으니 더 맛있네요^^ 
배달도 금방 오고, 순살도 맛있었어요",순살양념치킨,"2개월 전"
2020061300011835,180315011388,개똘,5,"지코바는 진리",양념치킨,"2개월 전"
2020061200247384,180306006448,taya****,5,"항상 시켜먹는데예요 오늘도 맛있게 먹었네요~~ 근데 오늘은 좀 양이 적은느낌...ㅎㅎ 맛있으니 됐어욤",순살양념치킨,"2개월 전"
2020061200199963,180123014025,cocococo22,4,"오랜만에지코바 잘먹엇어여",양념치킨,"2개월 전"
2020061200187886,171227005958,혜원쨩,5,"와 오늘따라 더 맛있어요 밥이랑 먹으니까 더맛있네요 공기밥 주시는거 넘 좋네요 또시킬게요",순살양념치킨,"2개월 전"
2020061200167671,201405263673,뿌종원,5,"간도 정말 딱이고 무엇보다 떡이 너무 쫀득쫀득해서 맛있었어요.",순살양념치킨,"2개월 전"
2020061200135578,190915008638,바오란,5,"오랜만에 먹으니 맛있어요 배달도 빠르고 양도 푸짐 담에 또 시켜먹을께요~",순살양념치킨,"2개월 전"
2020061200081982,180727015595,mj0221,5,,순살양념치킨,"2개월 전"
2020061000228110,140822002806,llyu****,5,"밥하고 먹기 가장 좋은 치킨!! 
너무 맛있게 잘 먹었습니다~~ 
리뷰가 늦어서 죄송해용~~",양념치킨,"2개월 전"
2020061000209850,151231005810,kgbs****,5,"치밥 처음머거보는데 마싯네요 ㅎㅎ 담에 또 시키겟습니다",순살양념치킨,"2개월 전"
2020061000181854,170107007711,얌얌꿀떡,5,"오늘 처음 시켜먹었는데 진짜 제가 찾던 그 닭이에요,, 양념시키고 엄마와서 드셔보더니 한마리 더 시키라고 하셔서 추가로 이번엔 소금구이 시켰는데 와 진짜 살도 넘 부드럽고 고소하고 넘 맛있어요 ㅠㅠ 앞으로 치킨은 지코비 여기로 정착할게요 ㅠㅠ",순살양념치킨,"2개월 전"
2020061000161359,180112030949,menthol,5,"배달 빨리오면 좋긴하지만 빗길위험하니까 안전하게 오셨으면좋겠네요. 배달해주신분이 보실지는모르겠지만 넘어져서 무릎이 까진상태로 오다가 넘어지는바람에 양념이흘렀다며 죄송하다고 사과하시는데 걱정되서 리뷰남겨요. 비오는날 안다치시게 안전운전하세요!",순살양념치킨,"2개월 전"
2020061000139163,190216017206,보갱,5,"역시 맛있어요 굿굿",순살양념치킨,"2개월 전"
2020061000056708,180410004698,레몬설탕,5,"맛있었어요~밥이랑 먹기 딱 좋았어요🙂
서비스 감사합니다",순살양념치킨,"2개월 전"
2020061000051596,191211001215,뽑히킴,5,"넘넘 맛있어요 ㅠ 
생각보다 더 맛있어서 깜짝 놀랐어요!
배달도 빨리 해주시고 치밥 너무 맛있게 먹었어요!",순살양념치킨,"2개월 전"
2020060900229633,180730008000,지예원,5,,순살양념치킨,"2개월 전"
2020060900224537,140914005579,나혼산,5,"오랜만에 시켜먹었는데 굿이에요 굿~ 굿굿굿~~",순살양념치킨,"2개월 전"
2020060900207871,180503008293,냠뇸,5,맛잇어용!,양념치킨,"2개월 전"
2020060900208519,170218000683,ㅇㄱㄹㅇ,5,너무맛있게잘먹었어요~~,양념치킨,"2개월 전"
2020060900173312,180716006569,면11,1,"어제 늦은 점심 주문했어요. 사장님께 이걸 돈주고 시간 기다려 먹을 수 있는건지 여쭙고 싶네요. 예전부터 맘속에 지코바는 양념좔좔 맛있게 밥비벼먹는 아껴둔 메뉴여서 시중 치킨 먹을려다 급생각나서 시켜먹었는데요. 

치킨이 이렇게 딱딱한 이유가 뭔가요?? 닭이 작아도 맛있게 먹을 수 있어요. 그치만 치킨 모서리부분들이 전부 딱딱해서 어떻게 조리하면 이렇게 될 수 있는건지 정말 궁금해요. 
제가 먹은거랑 다른 사람들이 먹은 리뷰가 너무 상이하여 리뷰 살펴봤는데 명태조림같다는 리뷰.. 딱 그 치킨이 저한테 왔었어요. 사진에서 보시면 어떤 상태인지 아시겠지요... 
저한테 온 치킨은 그 흔한 참깨마무리도 없었고 양념윤기는 찾을수가 없었어요. 

사장님 답변 부탁드립니다.",양념치킨,"2개월 전, 수정됨"
2020060800129844,151031001203,haar****,5,"아 최고 맛있어요 ㅠㅠ
행복한 저녁이었습니다
치맥은 지코바가 최고입니다
혹시 양념만은 따로 안 파시나요?
소금구이에 양념 찍먹 하고싶은데 ㅠㅠ
아니면 반반이라두...!!! ㅠㅠ",순살양념치킨,"2개월 전, 수정됨"
2020060800128544,180725014768,냠냠뇸뇸,3,"양념맛이 나쁘지는 않은데, 끝에 몬가 탄맛인지 쓴맛인지 좀 남아서 치밥 기대하고 시켰는데 밥까지 비벼먹을 생각은 안들더라구요ㅠ 닭도 군데군데 타있고, 정체모를 시꺼먼 재도 나온걸로 봐서 저런 게 쓴맛의 이유인가 싶기도 하구요. 그래도 전반적으로 맛있어서 고기는 다 먹었는데, 다시 먹을지는 좀 아리송하네요~ 사장님이 의욕이 있으시다면 한번 재고해주실 부분이라 생각해서 올려요~",순살양념치킨,"2개월 전, 수정됨"
2020060800075859,150309000027,gdf4****,5,"역시 언제 먹어도 맛있어요 마무으리는 역시 치밥이에요 굿굿",순살양념치킨,"2개월 전"
2020060700244832,180311015233,쵸파,5,"너무 맛있어요 ㅠㅠㅠㅠ",순살양념치킨,"2개월 전"
2020060700185934,180124006848,suzie,5,,순살양념치킨,"2개월 전"
2020060700176963,180306003037,이원경,5,"항상 맛있게 잘먹고 있습니다.
서비스 공기밥은 사랑입니다 👍
번창하시고 앞으로도 잘부탁드립니다.",순살양념치킨,"2개월 전"
2020060700161089,181117009786,유저혀,5,"치킨도 맛있고 남은 양념에 밥 비벼먹으니 최고에요👍",순살양념치킨,"2개월 전"
2020060700113241,141101007697,jieu****,5,"맛있게 잘 먹었습니당 :",순살양념치킨,"2개월 전"
2020060700111175,180605005811,다용,5,"옛날에 처가집치킨 슈프림뭐시기인가 시켜먹고 집에서 만든듯한 소스맛에 충격먹어서 이렇게 맛없는 치킨도 있을수잇구나 싶어서 교촌같이 메이저치킨만 먹엇거덩요
지코바 맛잇다지만 이집을 시켜먹은적이 없으니 꽤나 고민하다가 순한맛+떡추가해서 시켯는데 먹을만해서 좋앗어요
떡 가운데에 구멍이 뚫려서 소스가 잘 베서 더 맛잇엇고 고기보다 양념맛으로 먹는거라 떡으로만 채워서 먹고싶을 정도엿음
엄마는 염지가 안됏네 뭐네 하는데 어느집치킨집이든 염지는 안하는듯ㅇㅇ
여튼 제가 거의다 먹엇는데 다음엔 중간맛으로 도전할까 생각인데 지금 너무 열받아서 또 시킬까 생각중",양념치킨,"2개월 전"
2020060700028565,181010010554,두부,5,"오랜만에 먹어도 역시 맛있네요👍",순살양념치킨,"2개월 전"
2020060600281596,201310220758,도도,5,"집앞이라̆̈ 픽업직접가서 가져오니 
나오자마자 더 뜨겁게 맛있게 먹어요
양도 많고!!
매운맛 청양고츄 많이 들어가서 좋앗음염
ㅋㅋㅋㅋ 밥도둑 인정!!!!",순살양념치킨,"2개월 전"
2020060600219974,200401014958,삼전옥탑방,4,"치밥은 진리입니다  역시 지코바 맛잇어요",순살양념치킨,"2개월 전"
2020060600125289,191107004064,뜨드드드,1,"무가 아니라 배 인가요???? 배맛 나네요
치킨은 덜 익은것 같은데영
다음부터 안시키겠습니다",양념치킨,"2개월 전"
2020060600051671,190309014525,베토벤,5,"늘 너무 맛있게 잘먹어용",순살양념치킨,"2개월 전"
2020060600036154,160915006948,aaaz****,5,맛있어요오,양념치킨,"2개월 전"
2020060600027961,190901005492,찌니이,5,"간만에.. 지코바

너무 맛있게 먹었습니다!

특히 함께주신 밥에 비벼먹는게 역시 최고👍",양념치킨,"2개월 전"
2020060500233432,171221000312,강동혁,5,"맛은 여전히 맛있습니다! 근데 오늘은 배달이 밀리셨는지 안에 양념이 다흘렀어요ㅠㅜ 그래도 맛은 명불허전!",순살양념치킨,"2개월 전"
2020060500213940,180923002938,단무징,5,"먹다가 찍었네요 맛있어요 ^^ 치밥치밥",순살양념치킨,"2개월 전"
2020060500202848,190319008678,wlfhak,5,"치밥은 역시 지코바입니다. 너무맛있어요",양념치킨,"2개월 전"
2020060500119155,181227004940,먹다뒤질듯,5,"맛있게 잘 먹었습니다!",순살양념치킨,"2개월 전"
2020060500048011,161211004837,8250****,5,"역시 치밥계의 지존입니다!!",순살양념치킨,"2개월 전"
2020060400155126,171222002257,킴뉴우,5,"지코바는 치밥이 진리",순살양념치킨,"2개월 전"
2020060400134099,190726000695,깐돌이,5,"오랜만에 지코바!!
정말 맛있게 먹었네요~^^",순살양념치킨,"2개월 전"
2020060400129714,190203013710,찬찬,5,"맛있게 잘먹었습니다~",순살양념치킨,"2개월 전"
2020060400100934,180714001933,kimij123,5,,순살양념치킨,"2개월 전"
2020060400090212,181115001245,햄햄,5,"지코바 매운맛에 빠져서 자주 시켜먹고 있어요. 송파점은 맛이 일정해서 좋아요.",순살양념치킨,"2개월 전"
2020060400072827,160514004629,jinj****,5,"양념도 적당히 들어있고 살도 부드럽고 아주 맛있게 먹었어요!",순살양념치킨,"2개월 전"
2020060400018964,180113020002,유진,5,"매콤한게 딱 좋았고 치밥으로 딱이네요 리뷰이벤트 감사합니다!",순살양념치킨,"2개월 전"
2020060300198893,180428009594,TT,4,"밥비벼먹을려고 시켰는데 기존보다 소스가 쫄아있고 닭도 약간 타있어서 좀 그랬습니다. 소스가 없어도 너무 없네요",순살양념치킨,"2개월 전"
2020060300142938,170409006858,매리언,5,,순살양념치킨,"2개월 전"
2020060300097117,181124001815,방이동식객,5,"오늘도 맛있게 잘 먹었습니다 !!",순살양념치킨,"2개월 전"
2020060300032504,170521007993,준찔이,5,"맛있게 잘먹었습니다ㅎㅎㅎㅎ",순살양념치킨,"2개월 전"
2020060300023307,160206001665,cham****,3,"공기밥 주신다더니 안주시네요ㅠㅠㅠㅠㅠㅠㅠ",순살양념치킨,"2개월 전"
2020060200212445,171003001821,뀨뀨넴,4,"양이생각보다적네요 그래도맛있어요
근데 기사분 왜 바닥에다 두고가시는지.. 조금 기뷴나쁨 
차라리 문고리에걸어도되는데 바닥에 두는건 좀..",순살양념치킨,"2개월 전"
2020060200160228,171223002151,6246****,5,"언제 먹어도 맛있어요 서비스로 주신 밥도 잘먹었습니다!",순살양념치킨,"2개월 전"
2020060200156399,190117006455,comu****,5,,양념치킨,"2개월 전"
2020060200115206,181021007536,와꾸,5,"치킨은 지코밥",순살양념치킨,"2개월 전"
2020060200032154,180118020301,eyou****,5,,순살양념치킨,"2개월 전"
2020060100171285,200105016732,팡연우,5,"주변에서 하도 추천해서 처음으로 먹어봤는데... 진심 단골될듯요..치밥에 빠졌어요..진짜 존맛!!",순살양념치킨,"2개월 전"
2020060100081734,160312004599,에짱,5,"또 시켜먹을거에용 항항",순살양념치킨,"2개월 전"
2020053100280061,151113002317,kick****,5,잘먹었슴니당,순살양념치킨,"3개월 전"
2020053100272475,160722000374,난,5,"지코바는 무조건 순살인데ㅜㅜㅜㅜㅜㅜㅜㅜㅜ
잘못봐서 뼈닭을 시켰지만 존맛이었습니당...
한강이라 배달 힘드셨을텐데 배달원분 친절하시고 엄청 빨리 오셨어요!!
잘먹었습니다 :",양념치킨,"3개월 전"
2020053100065763,190618005315,종강기념,5,"매번 맛있네요!! 잘 먹었습니다~",순살양념치킨,"3개월 전"
2020053000228520,200526002970,secret,5,,순살양념치킨,"3개월 전"
2020053000169100,180812014273,플러스긍정,5,"넘넘 맛잇어요. 치밥은 지코바가진리네요",순살양념치킨,"3개월 전"
2020053000157554,180717005547,은서,5,"매번 너무 맛잇게 먹고 잇습니다♥",순살양념치킨,"3개월 전"
2020053000097135,150729001842,z426****,4,"양념 순한맛시켰는데 애들도 잘먹네요. 서비스로 주신 딱 집밥 느낌나는 밥이랑 양념이랑 비벼서 클리어했습니다. 떡을 추가까지했는데 좀 딱딱한건 아쉬웠습니다.",순살양념치킨,"3개월 전, 수정됨"
2020053000066361,181124001815,방이동식객,5,"한상 변함없이 맛있는 지코바의 맛 !!",순살양념치킨,"3개월 전"
2020053000050779,180124019110,ㅈ약돌,5,"맛있어요! 역시 지코바!",순살양념치킨,"3개월 전"
2020052900206096,180721011468,jw,5,"보통맛 맛있게 매콤하고 맛있었어요! 남은걸로 파 볶아서 볶음밥 해먹으니까 진짜 핵꿀맛 ㅎㅋ",순살양념치킨,"3개월 전"
2020052900177780,180407019948,맹독사,5,"믿고 먹는 지코바 ㅎㅎ 잘 먹었습니다",순살양념치킨,"3개월 전"
2020052900176661,190602031252,자몽이언니,5,"맵게 소스 많이 부탁드렸는데 청양고추 엄청 많이 왔어여! 대만족합니당 ㅋㅋㅋㅋㅋㅋ 지코바 넘 조아영 ♥",순살양념치킨,"3개월 전"
2020052900160240,191108014375,석촌돟,5,"역시 믿고먹는 지코바. 배달도 빨라서 좋았습니다",순살양념치킨,"3개월 전"
2020052900116500,180122003486,공주,2,"밥을 안주셔써요................ 밥때문에 전화하기도 그렇고
사러갈 상황도 안되서 밥없이 지코바를 먹었어요 
일부러 순살양념 시켰는데 ....... 밥이 없네요 ................. 
밥 없는 지코바 ...... 진짜 너무했어요",순살양념치킨,"3개월 전"
2020052900068489,190704012961,아헤세겡,1,"이사하기 전에 지코바를 접하고 항상 맛나게 먹었는데 지점마다 차이가 잇군요",순살양념치킨,"3개월 전"
2020052800191114,180512011509,rlarkdms,1,"그동안 자주 시켜먹었었는데, 오늘 너무 실망스러웠어요, 고기가 오래된것 같은데 명태같더라구요.. 그리고 기분탓인지 속도 안좋네요 ㅜㅜ",순살양념치킨,"3개월 전"
2020052800182402,150306000889,wang****,5,,순살양념치킨,"3개월 전"
2020052800171633,161029003456,beat****,3,"뭐예요 공기밥 서비스 준다그래서 요청사항에도 적었는데 
공기밥 안왔어요..
치밥 먹을려고 시킨건데 공기밥이 안와서 새로 밥지어서 1시간 있다가 먹었네요..처음부터 밥 준다고 안했으면 
이미 밥지어놨을텐데 아무리 서비스라도 고객과의 약속이니깐요 실망하지 않게해주세요~!",순살양념치킨,"3개월 전, 수정됨"
2020052700204470,200118004059,onauratout,5,"첨 주문인데 양 푸짐하고 불향나요!",양념치킨,"3개월 전"
2020052700185178,190119007035,sallamonma,4,"맛있었는데 저 혼자 다 먹어버렸어요 어떡하죠 살찌면 
그리고 밥 요청사항에 얘기하면 주신다고 하셨는데 너무 바쁘셔서 못주신거 같아요 다행이 집에 햇반이 쌓여있어서 너무 맛있게 잘 먹었습니다^_^",순살양념치킨,"3개월 전"
2020052700056594,180104003828,묨먐묨,5,"오랜만에 먹었는데 넘 맛있어요 ㅠㅠ",양념치킨,"3개월 전"
2020052600000549,180921000433,인천떠돌이,5,"맛있게 멉었습니다",순살양념치킨,"3개월 전"
2020052500171374,160128000908,jbeomp11,5,굿입니다!,순살양념치킨,"3개월 전"
2020052500140570,180517005661,두야,5,"내인생취킨,,❤️맛있게 잘 먹었습니다!🥰🥰",순살양념치킨,"3개월 전"
2020052500112775,160915006948,aaaz****,5,넘모맛있어요,양념치킨,"3개월 전"
2020052500104632,161213002589,서형준,5,맛있게정말잘먹었습니다~~~~,순살양념치킨,"3개월 전"
2020052500033871,170706005415,jdy2****,3,"싱거워요 ㅠㅠㅠㅠ",양념치킨,"3개월 전"
2020052400287433,200211002487,송파댁,5,,순살양념치킨,"3개월 전"
2020052400264753,180519015133,은희요정,5,"배달도 빠르고 맛있어요🤍",순살양념치킨,"3개월 전"
2020052400160654,180412002229,코코낸네,5,"양념/소금구이 선택 못하고 두개 다 시켰는데 역시 최고입니다",순살양념치킨,"3개월 전"
2020052400067315,171224006505,다다다다,5,"리뷰가 늦엇지만 정말 맛있게먹었어요~~",순살양념치킨,"3개월 전"
2020052400003276,171110001595,폴리마우,5,"언제나 한결같이 맛있습니다.
굿굿",순살양념치킨,"3개월 전"
2020052300254750,170403002444,min2****,5,,순살양념치킨,"3개월 전"
2020052300245726,200502002942,슬아띠,4,"매운걸 지지리도 못먹는데 순한맛 시켰는데 쪼꼼 매운정도였어용
그래도 맛있네요👏",순살양념치킨,"3개월 전"
2020052300223472,201402221198,홍구,5,"지코바는 사랑이죠.. 양념이 조금 더 있고 더 많이 매웠으면 좋겠거요!!!!!!",양념치킨,"3개월 전"
2020052300200309,190113021050,덩어리,5,,순살양념치킨,"3개월 전"
2020052300173781,161118005701,sasi****,5,넘맛낫어요!!,순살양념치킨,"3개월 전"
2020052300125208,171209007093,장실,5,"배달상태는.. 별로인데 잘먹었습니다.",순살양념치킨,"3개월 전"
2020052300087474,190602031252,자몽이언니,5,"엄청 맛있게 먹었어요. 닭도 떡도 밥도 다 맛있어요. 첨엔 별로 안매웠는데 점점 매워지네요. 첨 시켜봤는데 담에 또 시킬게영",순살양념치킨,"3개월 전"
2020052300040191,161004002234,kol3****,4,"집들이때 시켜먹었는데~ 맛있게 먹었어요~",♥♥순살양념치킨♥♥,"3개월 전"
2020052300031714,171004008071,정보,5,"맛있게잘먹었어용~~
또주문할께요^^",순살양념치킨,"3개월 전"
2020052200148899,190217005186,미니맘,4,"오늘은 아이들도 먹을 수 있을 만큼 순했어요~~^^",양념치킨,"3개월 전"
2020052200021288,150214003370,양양앙양,5,"맛있습니다 배달도 빠릅니다",순살양념치킨,"3개월 전"
2020052200004238,140830003076,와후후후,5,"맛있어요~!서비스 떡도 넉넉히 주시고 존맛",양념치킨,"3개월 전"
2020052100205676,171223015908,근육빤쮸맨,5,"맛있어요 역시",순살양념치킨,"3개월 전"
2020052100204770,170125005870,sohe****,5,"양념 맛있게먹었어요~~",순살양념치킨,"3개월 전"
2020052100203500,171225011352,승환,5,"정말 너무너무맛나여",순살양념치킨,"3개월 전"
2020052100204449,190215015514,영훈이,5,"너무 맛있게 잘 먹었습니다. 보통맛인데 하나도 안매워서 담엔 매운맛으로 시키려구요",순살양념치킨,"3개월 전"
2020052100200082,180407012177,박주희,5,"며칠전부터 지코바가 너무너무 먹고싶어서 시켰는데 
역시나 지코바는 후회가 없어요 ㅠㅠ 떡사리 추가 이벤트 했는데 역시 떡이 많으니까 훨씬 더 맛있더라구요 양도 많고 공기밥도 양 많고 치킨도 맵지도 않고 짜지도 않고 딱 좋았어요 !! 다음에 또 시킬게요 감사합니다 맛있게 잘 먹었어요",순살양념치킨,"3개월 전"
2020052100153744,180323005835,cocoking,5,"맛있게 잘 먹었어요.",순살양념치킨,"3개월 전"
2020052100143743,170715000830,han7****,5,"너어어어어무 맛있고 배달도 번개같았습니다",순살양념치킨,"3개월 전"
2020052100132474,170907002149,배고파영,5,"정말 맛있게 잘 먹었습니다 보통맛시켰는데 다 먹고나니깐 맵긴하네요 ㅎㅎ",순살양념치킨,"3개월 전"
2020052100108638,200515009718,배고파,5,"소금구이는 담백하고 양념은 매콤하고~ 튀긴게 아니라 덜 부담스럽고 포장도 깔끔하고 배달도 빠르고~",양념치킨,"3개월 전"
2020052100101209,180425014395,훼이이,5,"양념이 조금 더 꾸덕했으면 좋겟지만 맛있어용",순살양념치킨,"3개월 전"
2020052100074876,170421005930,jsj6530,5,"주에 한번은 꼭 시켜먹으려해요 매번 감사합니다",순살양념치킨,"3개월 전"
2020052100072886,190506029376,kimda0204,5,"여윽시 넘 맛있어요~ 원래 밥도 주시나용? 너무 잘 먹었습니다 번창하이소 ^^",순살양념치킨,"3개월 전"
2020052100046308,180921004835,해미야국이짜다,5,"개좀마탱 앉아서 1닭끝내버림...",순살양념치킨,"3개월 전"
2020052100021241,141208001916,sppp,5,,양념치킨,"3개월 전"
2020052100010657,170115008464,blla****,5,"아주 맛있습니당 고추도 많아서 좋았어요",순살양념치킨,"3개월 전"
2020052000204811,161225006697,kses****,5,"맛있게 잘먹었습니다",순살양념치킨,"3개월 전"
2020052000190882,170901003011,족민의달배,5,"배송도 빠르고 서비스로 주신 떡도 맛있었어요",순살양념치킨,"3개월 전"
2020052000185095,171127005092,란이,5,"굿굿 아주 맛있어요",순살양념치킨,"3개월 전"
2020052000179182,180129008360,영범,5,맛있게맵네요!,양념치킨,"3개월 전"
2020052000146424,161010003446,dieh****,5,"보통맛도 생각보다 맵네요 ㅎㅎ",순살양념치킨,"3개월 전"
2020052000099775,180624002861,마시쩡,5,"넘 배고파서 바로 먹느라 사진은 못찍었어용 항상 마싯숩니다
오늘은 고추가 많았어용 ㅋㅋㅋ",순살양념치킨,"3개월 전"
2020052000066873,180414012716,뿡빵,5,"맛있게 먹었습니다~~",순살양념치킨,"3개월 전"
2020052000002174,201312090642,배민노예,5,최고에요!!!,순살양념치킨,"3개월 전"
2020051900170928,171022004991,송혜진,5,"다른곳은 유독 뻑뻑살만 많이 줘서 여기로 시켰는데
배달도 빠르고 살도 넘 부드럽고 너무 맛있게 먹었어요
2명이서 먹었는데 국물도 많아서 충분했어요 ㅎㅎ",양념치킨,"3개월 전"
2020051900157500,160607002399,gywl****,5,"너무 맛있습니다!!ㅎ",양념치킨,"3개월 전"
2020051900039717,170215004438,kill****,5,"맛도 있고 밥까지 주시니 너무 좋네요. 사장님이 직접 배달 오신거 같았는데 정말 친절하시네요^^ 믿고 먹습니다!",양념치킨,"3개월 전"
2020051900003395,180526006576,ㅎㅎ,5,"맛있어요 ! 보통맛인데도 매콤해요 맵찔이라 귓구멍이 뜨겁ㅋㅋㅋ 밥 비벼먹으니 더 맛나요",순살양념치킨,"3개월 전"
2020051800216848,180613017720,mix0****,5,"단짠 너무 맛잇어요ㅜㅜ 마지막에 밥까지 비벼먹으면 아주 꿀딹",순살양념치킨,"3개월 전"
2020051800214378,181113011263,김철휘,5,"역시 지코바!!
진짜 맛있네용!!!!!",햇반,"3개월 전"
2020051800159534,190721008818,써니,5,"밥이랑 같이 든든하게 맛있게 먹었어요👍
또 시켜 먹을게요~",순살양념치킨,"3개월 전"
2020051800137552,141006003028,tosh****,5,"오늘도 맛있게 잘 먹었어요~~
엄청 빨리 와서 따뜻하고 밥까지 같이 와서 치밥으로 더 맛나게 마무리 했어요~ ㅎㅎ",순살양념치킨,"3개월 전"
2020051800103999,151027002942,르밍,5,"정말 오랜만에 시켜먹었는데 밥도 줘서 놀랐어요ㅋㅋㅋ
제일 매운맛 시켰는데 스트레스 팍팍 풀리네요
역시 매운맛은 지코바가 최고",♥♥순살양념치킨♥♥,"3개월 전"
2020051800000066,181229020889,고픔이,5,맛있어요!,순살양념치킨,"3개월 전"
2020051700255777,150601001215,b333****,5,짱짱짱짱짱짱,♥♥순살양념치킨♥♥,"3개월 전"
2020051700259299,161211008698,오삐약,5,"진짜 숯불에 구운것 같이 너무 맛있고 달지도 않고 담백하니 너무 맛있게 잘 먹었습니다: 밥도 주셔서 허버허버 먹었네욤~",순살양념치킨,"3개월 전"
2020051700243376,190315005654,치킨봐,4,잘먹었습니다,♥♥순살양념치킨♥♥,"3개월 전"
2020051700228481,180310005988,u182****,5,너무맛있게먹었어요,순살양념치킨,"3개월 전"
2020051700223532,180811006451,이슨,5,"배가고파서 허겁지겁 먹느라 못찍었어요ㅠㅠ
다음 리뷰에는 사진 찍어서 올릴께용
여기 지점이 제일 맛있어요♡ 떡사리,공기밥 감사합니당",순살양념치킨,"3개월 전"
2020051700201912,180919004107,타마,5,"다이어트 언제하징..ㅠㅠ",♥♥순살양념치킨♥♥,"3개월 전"
2020051700180045,181003003760,BaeX,5,"처음 시켜먹었는데 밥도둑이네요 맛있었습니다",♥♥순살양념치킨♥♥,"3개월 전"
2020051700176618,141108001467,맛나맛나,5,"완벽합니다. 밥이랑 같이 드시면 더 맛있는거 다들 아시죠?",♥♥순살양념치킨♥♥,"3개월 전"
2020051700171971,181109010662,만떼,5,"배달도 빠르고 맛도👍👍
제일 매운 맛으로 시켰는데 생각보다 그리 맵진 않더라구요 ㅋㅋ
그래도 맛있게 잘 먹었습니다~~😄",♥양념치킨♥,"3개월 전"
2020051700168868,160331002070,qudt****,5,"맛있게 먹는중입니다 생각보다 양이 많네요",♥♥순살양념치킨♥♥,"3개월 전"
2020051700167632,201405033752,가을이,5,"비싸긴하지만 ㅜㅜ 맛있어요 
매운맛 최고 👍",♥♥순살양념치킨♥♥,"3개월 전"
2020051700137333,171128009018,현지빠,5,"깔끔한 맛
이사오고서 처음 시켜서 먹었는데
맛있게 잘 먹었습니다",♥♥순살양념치킨♥♥,"3개월 전"
2020051700133136,180129006293,이창준,5,"여기가 존맛임",♥♥순살양념치킨♥♥,"3개월 전"
2020051700114987,191007004780,lim,5,잘먹었습니다~~~|,♥♥순살양념치킨♥♥,"3개월 전"
2020051700107018,180213010383,호이루루,5,"치밥은 역시 지코바입니다~ 
떡사리도 많아서 좋았구여~  
테라도 같이 마셨는데 역싀 치맥~",♥♥순살양념치킨♥♥,"3개월 전"
2020051700059362,180812008720,wise****,5,"순살양념 매운맛 주문했는데 맛있게 맵고 치밥먹기 딱 좋아요
너무 먹음직스러운 비쥬얼에 사진도 잊어버리고 허겁지겁 맛있게 잘 먹음이요~^^",♥♥순살양념치킨♥♥,"3개월 전"
2020051700047334,171212000354,velyyyyyy,4,"실수로 순살말고 양념치킨 시켰는데
맛있었어요!! 순살이 아니라서 그런가 원래 뻑뻑한가요? ㅠㅠ",♥양념치킨♥,"3개월 전"
2020051700045172,170214008508,cnrr****,5,"너무나 늦게 리뷰해서 죄송합니다 넘 흡입해서 사진이먹네용 ㅠ",♥♥순살양념치킨♥♥,"3개월 전"
2020051700035740,180212010517,BHINvN,5,"배달도 빨리오고 엄청맛있어요!! 너무 맛있게 잘먹었습니다 ㅎㅎ 다음에 또 시켜 먹을게요!!",♥♥순살양념치킨♥♥,"3개월 전"
2020051700028666,150214003370,양양앙양,5,"배달도 빠르고 맛있습니다",♥♥순살양념치킨♥♥,"3개월 전"
2020051700015708,151220002165,사이다콜라,4,"햇반까지 센스~~~ 잘먹었습니당!!",♥♥순살양념치킨♥♥,"3개월 전"
2020051600259207,201407111836,eji1****,5,"넘 마싰었어용_",♥♥순살양념치킨♥♥,"3개월 전"
2020051600244712,180328004480,HJ,5,"역시나 맛있었습니다. 떡도 충분하구요^^",♥♥순살양념치킨♥♥,"3개월 전"
2020051600237115,190217005186,미니맘,5,"아이들도 순한맛은 먹을 수있어 좋아요^^ 밥비벼먹음 꿀맛♡ 번창하셔요~",♥양념치킨♥,"3개월 전"
2020051600210289,181120002014,맛잇옹,4,"지코바 처음먹어봤는데 맛있어요 배달원실수로 배달이좀 잘못온거같은데 뭐가뭔지잘몰라서 걍맛있게먹었습니다 ㅎ",♥소금구이♥,"3개월 전"
2020051600189655,180118009581,엔돌핀체리,5,짱맛있었음당~,♥양념치킨♥,"3개월 전"
2020051600187103,151010001275,ilik****,5,맛있습니다~!!!,♥양념치킨♥,"3개월 전"
2020051600147413,141020004466,vjvl****,5,"와 역시 양도 정말 많고 감사히 잘 먹었습니다",♥♥순살양념치킨♥♥,"3개월 전"
2020051600105184,171121010996,이징,5,"맛있어요 잘먹었습니다 😁",♥♥순살양념치킨♥♥,"3개월 전"
2020051600065434,191116008119,짝꿍,5,"소금구이 맛난당",♥소금구이♥,"3개월 전"
2020051600036560,180317012522,먕이네콩이설이,5,"처음 먹어보는 친구들이 맛있대요!!
늘 맛있게 먹는 지코바입니다ㅎㅎ",♥♥순살양념치킨♥♥,"3개월 전, 수정됨"
2020051600021068,171230003728,kikisusu,5,"순살시켰어야하는데 정신없이
시켜서 뼈로 시켜버렸지만 맛있게 잘먹었습니다",♥양념치킨♥,"3개월 전"
2020051600010159,171224016588,퐝지혀니,5,"역시 언제먹어도 맛있어요!
같은 지코바여도 여기가 더 맛있었어요",♥♥순살양념치킨♥♥,"3개월 전"
2020051500231673,171217010164,서윤아빠,5,"첨 먹어보는데 맛있어요!
금방 또 생각날듯ㅎ",♥♥순살양념치킨♥♥,"3개월 전"
2020051500224368,171201001971,코크곰,5,"치킨 받고나서 정신차리고 찍은 사진이에요",♥양념치킨♥,"3개월 전"
2020051500194502,170710009373,오리,5,"떡 양도 완전 많고 양념도 많고 너무 맛있어요ㅠㅠㅠㅠ매운맛으로는 처음 시켜봐서 얼마나 매울지 걱정했는데 그렇게 맵지 않아서 맛있게 잘 먹었습니다ㅠㅠㅠ",♥♥순살양념치킨♥♥,"3개월 전"
2020051500173728,180331015358,HH,5,"말이 필요 없지요👍🏼",♥♥순살양념치킨♥♥,"3개월 전"
2020051500157454,190925007901,야만인,5,"역시 실패하지 않는 지코바",♥♥순살양념치킨♥♥,"3개월 전"
2020051500072856,180919004107,타마,5,"오우 맛있어용!",♥♥순살양념치킨♥♥,"3개월 전"
2020051500017624,181107003613,abc0****,5,"맛있어요! 왜 밥 비벼먹는지 알겠어요 떡사리도 맛있게 잘 먹었습니다~",♥♥순살양념치킨♥♥,"3개월 전"
2020051400209916,201407084121,plut****,5,"이사오고 나서 첫 주문 인데 배달도 빠르게오고 맛있었어요!! 잘먹었습니다.",♥♥순살양념치킨♥♥,"3개월 전"
2020051400210295,180310003692,sol,5,"배달도 빨리오고 맛은 두말할것도없이 👍🏻👍🏻 이사오고 첨시켜본건데 넘 맛있게 잘먹었어요 단골로 이벤트가아닌 진짜찜입니다🤗",♥♥순살양념치킨♥♥,"3개월 전"
2020051400198889,190117001797,얄개,5,"맛있어욤,, 떡도 진짜 많고 역시 지코바,,송파1호점으로 정착하려구욤,,최고최고",♥♥순살양념치킨♥♥,"3개월 전"
2020051400174467,190122014774,wowwow,4,"11시30전에주문해서 밥도받앗습니다!
맛잇엇어요!
순살먹엇는데 거의다리살이엇고 순한맛은 닭꼬치같고 맛잇엇어요.
콜라도 추가햇는데 큰거하나오더라구요 
그리고 엄청일찍왓어요 ㅋㅋㅋ",♥♥순살양념치킨♥♥,"3개월 전"
2020051400175148,180106005527,sunday2pm,5,"맵게해달랫더니 완전 맵네요 짱",♥양념치킨♥,"3개월 전"
2020051400150377,160607002399,gywl****,5,"송파점 처음시켜먹었는데 너무맛있어요! 양념이 잘베어서 너무맛있어요ㅠㅠ!",♥양념치킨♥,"3개월 전"
2020051400069037,171224001779,하늘쿵,5,"배달도 빠르고 맛있어서 한 끼 뚝딱 먹었네요",♥양념치킨♥,"3개월 전"
2020051300180670,190318000306,안주생각,5,"아...너무맛있어요ㅠㅠ엉엉 밥도 꾹꾹 가득 담아주시고 감사합니다:",♥♥순살양념치킨♥♥,"3개월 전"
2020051300156883,180121005196,mimimimimi,5,"맛있게 잘 먹었어요",♥♥순살양념치킨♥♥,"3개월 전"
2020051300126709,190129009011,웅이웅,5,"소스가 좀 넘쳤긴 했지만 역시 믿고 먹는 맛입니다~",♥♥순살양념치킨♥♥,"3개월 전"
2020051300055996,200511001570,hlim,5,"처음 시켜봤는데 맛있네요. 양도 많고 서비스도 많이 주셔서 잘 먹었습니다.",♥♥순살양념치킨♥♥,"3개월 전"
2020051300024104,151123000158,bsbe****,5,"친구들한테 얘기만들었다가 처음 시켜먹어보았는데 맛있네요.
치킨이랑 매운찜닭의 중간에 있는 느낌이랄까 독특해서 종종 땡겨들하는거같네요.
단지 제입맛이 매운걸잘못먹는편이라 보통맛으로 먹어도 반쯤먹으니 매워지더라구요
매운거 잘못드시는분들은 맛조절을 잘하셔야될듯~ 맛있게 잘먹었습니다",♥양념치킨♥,"3개월 전"
2020051300001600,181129004665,유녕이,5,"지코바는
말이필요없어요",♥♥순살양념치킨♥♥,"3개월 전"
2020051200192332,180324022895,찌오니이이,5,"점심부터 저녁까지 맛있게 먹었어요!",♥♥순살양념치킨♥♥,"3개월 전"
2020051200149573,180821011896,앙리,5,,♥양념치킨♥,"3개월 전"
2020051200133524,180619004344,뉴구뉴구,5,"중독되는 맛...닭은 물론이고 떡도 정말 맛있어요. 매운것을 못드시는 분이라면 순한맛으로 선택하셔야 해요~~ 보통맛도 저에게는 매웠어요ㅜㅜ",♥양념치킨♥,"3개월 전"
2020051200131056,190214013176,붕붕이,5,"맛이 지점마다 조금 다른 것 같아요!
이사하고 처음 시켜봤는데 기존에 먹던 맛과 조금 다르지만
맛있고, 밥도 서비스로 주시고 떡도 많이 주셔서
넘 맛있게 먹었어요 :",♥♥순살양념치킨♥♥,"3개월 전"
2020051200102743,160816012591,qswa****,5,"뼈치킨도 맛있군요.",♥양념치킨♥,"3개월 전"
2020051200083266,180227007880,말랑찹쌀모찌,5,기가막히네요,♥♥순살양념치킨♥♥,"3개월 전"
2020051200033974,180117001997,주주,5,"식욕이 없어서 내일 밥이랑 먹으려고 일단 시켰는데 너무 맛있어서 열자마자 혼자 몇 조각 남기고 다 먹었어요ㅋㅋㅋㅋㅋㅋ",♥♥순살양념치킨♥♥,"3개월 전"
2020051200029249,160612002431,pya0****,5,"따끈따끈 배달도 빨리오고 소스가 많아서 맛있었어요!",♥♥순살양념치킨♥♥,"3개월 전"
2020051200022469,191229024037,이요르문,5,"안매운 맛도 맛나요...
소금 구이는 식으니깐 기름기랑 약간 닭의 냄새가 나는데...다른곳 닭보단 훨  나아요...안날순 없잖아..
식어도 맛있는건..역시 지코바...늘  한번씩 기억나는 맛.!",♥양념치킨♥,"3개월 전"
2020051200011980,191118001695,윤형,5,"맛있어요~ 담엔 매운맛으로 먹고싶어요",♥양념치킨♥,"3개월 전"
2020051100129848,180519002713,csh3****,5,"맛있었어요! 쇼핑백에 양념 살짠 샌 건 아쉬웠지만 그래도 음식 퀄리티나 그런건 너무 좋았어요 . 콜라도 주시고ㅎㅎ 덕분에 사이좋게 나눠먹었습니당 담에 또 시킬게욥 잘 먹었습니당😊😊😊",♥♥순살양념치킨♥♥,"3개월 전"
2020051100119853,180521002108,야음동불주먹,4,"이번엔 안타서 왔어요
떡 서비스도 좋았어요~~",♥양념치킨♥,"3개월 전"
2020051100091247,171203011953,조예인,4,"맛있어요 !",햇반,"3개월 전"
2020051100058974,191215002169,khc,5,"리뷰 떡사리 추가해서 맛있게 먹었어요 ㅎㅎ
서비스로 주신 공기밥으로 치밥도 해먹었는데 사진이 없네요ㅠ
역시 치밥은 지코바! 담에 또 시켜먹을게요 ㅎㅎ",♥♥순살양념치킨♥♥,"3개월 전, 수정됨"
2020051100054528,190808013069,두둥탁,5,"역시 치킨은 지코바 입니다~~~ ㅜㅜ
믿고 시켜먹는 지코바~~b",♥양념치킨♥,"3개월 전"
2020051000232816,180531006802,Heeyoung,5,,♥♥순살양념치킨♥♥,"3개월 전"
2020051000230165,180630012806,daydream88,5,,♥양념치킨♥,"3개월 전"
2020051000221295,190721019110,통팥양갱,5,"처음에 리뷰 까먹고 먹다가 찍은거라 양이 좀 적어보이는데 양 절대 적지않았어요!!! 처음 시켜먹어봤는데 정말 맛있어서 보내주신 밥이랑 배부르게 잘 먹었어요^^",♥♥순살양념치킨♥♥,"3개월 전"
2020051000202710,150321001420,그린야채,5,"오늘도 맛있게 잘 먹었네요. 평소보다 떡이랑 깨가 더 많은거 같은 느낌..ㅎㅎ 감사합니다.",♥♥순살양념치킨♥♥,"3개월 전"
2020051000197004,190103009343,진서니,3,"공기밥과 떡사리까지! 언제나 지코바는 맛잇네여:
근데 이번에는 탄부분들도 넘많앗고 (거의 반이상,
소스에도 탓을때나오는 검은찌꺼기들이 잇더라구요..
맛도 탄내가 넘강햇구요.. 
지난번에는 맛잇엇는데 오늘은 좀많이 아쉬웟어요,
담번에는 더 맛잇게 부탁드려요!",♥♥순살양념치킨♥♥,"3개월 전"
2020051000189699,180612003469,HYUN,4,"잘 먹었습니다
무 빼달라고 했는데 ㅠ 왔네요ㅠ",♥양념치킨♥,"3개월 전"
2020051000112713,170614006074,슈퍼브,5,"오랜만에 먹으니 더 맛있어요!",♥양념치킨♥,"3개월 전"
2020051000082219,180513008631,violet,5,"정말정말 오랜만에 먹어보는데 맛있네요~ 처음 맛봤을 때의 느낌과 비슷해요 ㅎㅎ 떡사리도 많이 주시고 밥도 주시고 깜짝 놀랐어요 받아보고 ㅎㅎ 번창하세요~^^",♥♥순살양념치킨♥♥,"3개월 전"
2020051000000195,190518014359,ming,5,"너무 맛있게 잘 먹었습니다~!!",♥♥순살양념치킨♥♥,"3개월 전"
2020050900265661,170621002225,gudt****,5,👍👍👍👍👍👍👍,♥♥순살양념치킨♥♥,"3개월 전"
2020050900231434,180812003510,포비돈,5,,♥♥순살양념치킨♥♥,"3개월 전"
2020050900229129,190806011911,raw0****,5,"이사와서 처음먹는 지코바치킨인데

적당한 국물과 쫄깃한 떡과 치킨이 맛있네요",♥♥순살양념치킨♥♥,"3개월 전"
2020050900224263,171003005070,파인,5,"존맛탱이에요 ㅠㅠ 오랜만에 먹는거라 정말 맛있게 먹었습니다. 마지막 치밥은 필수",♥♥순살양념치킨♥♥,"3개월 전"
2020050900216832,171225003886,워니,5,"크~~~👍👍👍👍
느끼하지않고 정말 맛있네요.  치킨의 새로운 종목같은느낌🤔🤔😍",♥♥순살양념치킨♥♥,"3개월 전, 수정됨"
2020050900195906,180703008266,수연냠냠,4,"지코바 처음 먹는거라 순한 맛으로 시켜서 먹어봤어요
떡은 이벤트로 주는 거라 적을 줄 알았는데 완전 많아서 놀랐어요
밥도 서비스로 주다니...( ღ'ᴗ'ღ  다음엔 매운맛 시켜먹을거에요",♥♥순살양념치킨♥♥,"3개월 전"
2020050900195877,160306000565,skya****,5,"맛나게 먹었습니다
주신 밥과 함께 먹어 기쁨 2배~~~

감사합니다",♥양념치킨♥,"3개월 전"
2020050900191287,190904006174,후엣,5,"지코바 치킨은 처음 먹어 보는데 맛있게 잘 먹었어요~",♥♥순살양념치킨♥♥,"3개월 전"
2020050900177401,190529016361,lppy****,5,"맛있습니다ㅎㅎ 밥이랑 떡사리도 넉넉해서 잘먹었어요~~",♥양념치킨♥,"3개월 전"
2020050900089814,171210007401,힌둥이,5,"가끔 조리한지 조금 시간이 지난 느낌의 치킨이 올 때가 있었는데 이번 치킨은 완벽했고 너무 맛있게 잘 먹었습니다!",♥양념치킨♥,"3개월 전"
2020050800174639,160630001021,rudf****,5,"주문 잘못해서 전화드렸는데 바로 취소해주셔서 감사했고 
치킨 너무 맛있어요 떡도 많이 넣어주셨네요
다음에 또 시킬게요 :",♥♥순살양념치킨♥♥,"3개월 전"
2020050800164942,171203003072,용용,5,"역시 지코바는 스릉...♡",♥♥순살양념치킨♥♥,"3개월 전"
2020050800147951,190217005186,미니맘,5,"어릴때 먹던 그 맛~~!!! 행복하네요",♥♥순살양념치킨♥♥,"3개월 전"
2020050800148459,181215006009,며링,5,"저 진짜 너무 맛있게 먹었잖아요 함께 온 밥도 너무 맛있고ㅠㅠㅜㅠ 보통맛 시켜서 먹었는데 매운걸 잘 먹는 편은 아닌 제게 딱 맛있게 매콤한 정도였어요!!! 진짜 너무 행복 완전 행복 ♥️ 정말 잘먹었습니다~ 감사합니다~!!!!",♥♥순살양념치킨♥♥,"3개월 전"
2020050800131209,191108014375,석촌돟,5,"허겁지곱 먹다가 사진리뷰깜빡해서급하게 찍었습니다. 역시 지코바. 명불허전입니다. 두번시켜먹으세요",♥♥순살양념치킨♥♥,"3개월 전"
2020050800102611,190303003470,맛없는호랑이,5,"맛있어요! 순한맛 덜맵게 요청드렸는데 진짜 덜맵게 해주신건지 기분탓인지 덜맵게 맛있게 먹었습니다.",♥♥순살양념치킨♥♥,"3개월 전"
2020050800100641,171025004797,플라워펭귄,5,"맛있게 잘먹었어요",♥양념치킨♥,"3개월 전"
2020050800101006,190618005315,종강기념,5,"첫  주문인데 너무 맛있네요~~",♥♥순살양념치킨♥♥,"3개월 전"
2020050800062037,171210019105,아리수리,5,"맛있어요 불맛",♥♥순살양념치킨♥♥,"3개월 전"
2020050800041470,180109012299,asa0****,5,"맛잇엇어요ㅠㅠ다만 알려준 시간보다 좀 늦어서 배고파서 디질뻔햇습니다",♥♥순살양념치킨♥♥,"3개월 전"
2020050800010657,200425005699,koo,5,"서비스도 잘 챙겨주시고 너무 감사합니다 ~ 
맛있게 먹었어요 ~ 
지코바 치킨 원래 좋아하는데 소스가 잘못하면 새는데, 포장 깔끔하게 해주셔서 너무 좋았어요",♥♥순살양념치킨♥♥,"3개월 전"
2020050800012357,190419012413,먹자머거,5,맛잇어요!!!,♥♥순살양념치킨♥♥,"3개월 전"
2020050800010369,190419012413,먹자머거,5,"2틀연속 먹어요! 맛잇어요",♥♥순살양념치킨♥♥,"3개월 전"
2020050700189346,180629005149,제티스,5,"배가 너무 고파 먹다보니 생각이 났네요
늘 시켜먹는곳인데 말해 뭐하나요 치밥 개꿀",♥♥순살양념치킨♥♥,"3개월 전"
2020050700172577,190104009891,kumah,5,"4.5! 맛있어요",♥♥순살양념치킨♥♥,"3개월 전"
2020050700156901,170903004821,우롱차,5,"겁나 맛있고 진짜 친절하십니다. 감사합니다.",♥양념치킨♥,"3개월 전"
2020050700128879,170627003821,ajy8****,3,"리뷰는 솔직하게 작성하려고요
제가 지코바 진짜 좋아하는데 오늘 온 지코바는 닭고기가 뭔가 퍽퍽 했습니다. 약간 살이 야들야들 한 촉촉한 상태에서 양념이 스며든게 맛있는데 양념과 살코기가 따로노네요. 뭔가 익히는 시간이 잘못됐거나 한 것 같습니다. 매번 이렇진 않으시겠지만 저에게는 소중한 한끼였는데 실망스럽습니다. 다음에는 맛있게 오길 기대할게요.",♥양념치킨♥,"3개월 전"
2020050700069840,170711000655,coy0910,5,"오랜만에 먹었는데 너무 맛있어요~!! 이벤트 밥도 감사합니다!",♥♥순살양념치킨♥♥,"3개월 전"
2020050700065904,170211009172,chas****,5,"맛잇어요! 공깃밥도 하나 서비스로 주시고 감사합니당",♥♥순살양념치킨♥♥,"3개월 전"
2020050700046563,161208016088,naji****,4,"항상 맛있게 시켜먹어요. 이번에는 닭 색깔이 검은 부분이 많아서 먹으면서 좀 걱정이 됐네요.",♥♥순살양념치킨♥♥,"3개월 전"
2020050600192267,141026004101,shim****,3,"떡을 추가해서 그런가... 양념이 좀 심심했습니다. 
조미료 맛이나 짜고 자극적인 양념맛은 아니어서 
건강한 치킨이라는 느낌~",♥♥순살양념치킨♥♥,"3개월 전"
2020050600186311,190113013048,Gleof43,5,"맛있어요 배달도 빠르고",♥♥순살양념치킨♥♥,"3개월 전"
2020050600180119,181130003898,조보아,5,"처음으로 이곳에서 시켰었는데 너무 맛있어서 자주 시키네요 ㅎㅎ맛있어요",♥♥순살양념치킨♥♥,"3개월 전"
2020050600151532,180521002108,야음동불주먹,2,"너무탔어요
사장님 바뀌셨나요?
지난번에 시켜먹고 맛있어서 즐겨찾기에 넣어놓고 시켰는데 떡사리도 추가됐는지 모르겠고 
치킨은 거의 다 타서오고😭 많이 실망입니다.
다음번엔 다른 곳 시킬 것 같아요..
옛정 별하나
밥 서비스에 별하나입니다...",♥양념치킨♥,"3개월 전, 수정됨"
2020050600101362,141123005124,tnst****,5,"지코바 너무 마시써요!!!! 포장도 꼼꼼하게 해주시고 배달도 금방오고 밥도 주셔서 치밥도 해먹고 배터지게 먹었네요 사진 찍는걸 깜빡하고 먹다가 찍은거라 양 적어보이는데 그르치 않아요 ㅋㅋㅋ 담에 또 시킬꺼에용",♥양념치킨♥,"3개월 전, 수정됨"
2020050600092876,191130005323,시우,4,"너무 맛있었어요 ㅠㅠㅠ 밥도 주시고 떡사리 양도 많고 정말 맛있게 먹었어요 !! 담에 또 시켜먹고 싶습니당 ㅎㅎ",♥♥순살양념치킨♥♥,"3개월 전"
2020050600073779,200105007301,야이야,4,"소스가 좀 까맣게 덩어리진게 걸리긴 해도 맛있습니다 양은 1.5인분정도 되는것같아요",♥♥순살양념치킨♥♥,"3개월 전"
2020050600074393,170625005714,ase3****,5,"여자친구가 좋아해요",♥♥순살양념치킨♥♥,"3개월 전"
2020050600031596,191007004589,밀크티,5,"역시 믿고 먹는 치킨 지코바 치킨! 너무 맛있게 잘먹었습니닷 ㅠㅠ",♥♥순살양념치킨♥♥,"3개월 전"
2020050500219284,190616001968,흠흠쿠,5,"먹느라 사진은못찍었네요ㅠㅠ
맛있게 잘먹었습니다!!",♥♥순살양념치킨♥♥,"3개월 전"
2020050500192097,180415009106,청돌이,5,"저번에 웰치스가 빠졌었는데 이번엔 챙겨주셨네요^^ 항상 맛있게 잘먹고있습니다~ 근데 무는 원래 포함안 되어있나요? 추가해야 오는건지 궁금해서요",♥♥순살양념치킨♥♥,"3개월 전, 수정됨"
2020050500114657,180907001621,Leon,5,"맛있네요 감사합니다",♥♥순살양념치킨♥♥,"3개월 전"
2020050500071418,151118001330,hora****,5,"맛있게 잘먹었습니다",♥♥순살양념치킨♥♥,"3개월 전"
2020050500068513,181213007961,시아애미,5,"역시 지코바! 
밥비벼서 순삭했네요",♥♥순살양념치킨♥♥,"3개월 전"
2020050500011921,180126015434,금돌이,5,"소스가 맛있네요 ㅎ",♥양념치킨♥,"3개월 전"
2020050400193902,170209002339,abb2****,5,"배달도 엄청 빠르도 맛도 있어요^^",♥♥순살양념치킨♥♥,"3개월 전"
2020050400157340,180617004644,jamjam,5,"매운거 땡길때 매운맛이 강렬했어요",♥♥순살양념치킨♥♥,"3개월 전"
2020050400142232,180520013686,asdf,5,"맛있어요! 떡 많아서 좋아요! 리뷰이벤트 서비스 감사합니다~~",♥♥순살양념치킨♥♥,"3개월 전"
2020050400121522,180329007169,슈블리,4,"너무맛있게 잘 먹었는데 순살에 물렁뼈가 5조각정도 나왔어요ㅠ 이건 본사에서 닭 공급해주는거니 본사의 문제인듯.. 떡사리에 밥까지 가성비좋은 지코바!",♥♥순살양념치킨♥♥,"3개월 전"
2020050400110455,171115007553,태기,5,"맛있어요..
아기는 매워서 못먹네요..
밥에말아먹으니 최고",♥♥순살양념치킨♥♥,"3개월 전"
2020050400085621,180919004107,타마,5,짱마싰었어요!!,♥양념치킨♥,"3개월 전"
2020050400072015,180428010756,행복한돼지28세,5,"지코바 오랜만에 먹는데 맛있었어요!!밥도 주셔서 치밥하기 좋았구요",♥♥순살양념치킨♥♥,"3개월 전"
2020050400039417,170903002779,갱구갱구,5,"공기밥 서비스 주셔서 치밥까지 야무지게 클리어 했어요^ㅇ^ 맛있게 잘 먹었습니다~~👍",♥♥순살양념치킨♥♥,"3개월 전, 수정됨"
2020050300246434,191021000186,크리스탈,5,"웰치스랑 공깃밥 잘 받았습니당
치킨 반절 먹고, 밥 비벼먹으니 더 맛있네요 ㅎㅎ다음에도 또 시켜먹을거에요 
저 귀찮아서 후기 진짜 잘 안쓰는데 왠지 쓰고 싶네요
번창하세요",♥♥순살양념치킨♥♥,"3개월 전"
2020050300217172,160723001237,두리두리,5,"맛있게 먹었습니다^^",♥♥순살양념치킨♥♥,"3개월 전"
2020050300186584,190427014571,두팔,4,잘먹었습니다,♥양념치킨♥,"3개월 전"
2020050300182998,160828002912,yk02****,5,잘먹었습니다,♥♥순살양념치킨♥♥,"3개월 전"
2020050300182341,160327001202,뇸뇸,5,넘맛잇엇어요♡♡,♥♥순살양념치킨♥♥,"3개월 전"
2020050300111093,181021007536,와꾸,5,"치킨은 지코바!",♥♥순살양념치킨♥♥,"3개월 전"
2020050300070135,200503001904,gj53****,5,"밥까지 주실진 생각도 못했는데 
맛있게 잘먹었습니다",♥♥순살양념치킨♥♥,"3개월 전"
2020050300039143,161029003456,beat****,4,맛있어요~~,♥♥순살양념치킨♥♥,"3개월 전, 수정됨"
2020050200207432,200112005946,하라짱,5,,♥양념치킨♥,"3개월 전"
2020050200197233,201406160125,먐먀,5,"맛나네용~~~ 떡 사리서비스도 많구 양념도 보통맛은 안맵고 딱이에요! 배달도 엄청 빨랏어요",♥양념치킨♥,"3개월 전"
2020050200196106,151018001311,gslk****,5,"맛있어요!
떡 추가 해놓고 리뷰도 남겨서 떡 진짜 많이 주셨어요.
감사합니다 잘 먹었습니다~",♥♥순살양념치킨♥♥,"3개월 전"
2020050200159364,181124001815,방이동식객,5,"점점 중독되어가는 지코바의 맛",♥♥순살양념치킨♥♥,"3개월 전"
2020050200137806,180623024365,영양공주,5,"치밥에  딱!!!",♥♥순살양념치킨♥♥,"3개월 전"
2020050200075423,171225000899,루히,5,"급하게 먹느라 사진이 없네요ㅠㅠㅠㅠ 늘 맛있어요 떡사리도 듬뿍주시공",♥♥순살양념치킨♥♥,"3개월 전"
2020050200048122,200129004737,용용2,4,"보통맛 별로 안 매워서 좋았어요!
밥이랑 먹으니 짱짱ㅎㅎ",♥♥순살양념치킨♥♥,"3개월 전"
2020050100226884,180109010620,민지민아맘,5,"지코바는 항상 양이 적어 아쉬웠는데 오늘은 특히나 더 양이 적은듯합니다. 아이들이 한마리가 일인분이라네요.ㅋㅋ
살코기뜯어서 계란후라이에 김가루넣어 양념에 맛있게 
비벼먹었네요.",♥양념치킨♥,"3개월 전"
2020050100226836,160416001481,pair****,5,"너무 너무 맛있었어요~
서비스로 주신 떡 사리도 생각했던것 보다 많이주셔서 열자마자 너무 기쁜 맘으로 먹었습니다!
감사해요!!!",♥양념치킨♥,"3개월 전"
2020050100229171,181018001812,배고팡,5,"대박입니다!!!!! 제가 후기 한번도 안남겼는데, 요청사항에 웰치스랑 햇반남겼더니 소스도 많이주시고..덕분에 치밥 아주 맛있게 먹었네요^^ 여기 시켜드시면 후회안해요~ 앞으로 지코바는 송파1호점입니다. 사장님 부자되세요ㅎㅎ 댓글 알바아닙니다..",♥♥순살양념치킨♥♥,"3개월 전"
2020050100224755,171127007569,리서아빠,5,"처음 먹어보는데 맛있네요. 같이 주신 밥 양념에 비벼 먹으니 더욱 맛있습니다! 번창하세요!",♥♥순살양념치킨♥♥,"3개월 전"
2020050100217860,170113004431,so80****,5,"간만에
지코바
맛있어요",♥양념치킨♥,"3개월 전"
2020050100206415,190709001968,잘먹겠습니다,5,"보통으로했는데 너무맛있었습니다 떡두 많이주셔서 배부르게잘먹었어요!!",♥양념치킨♥,"3개월 전"
2020050100198946,180325005239,슈퍼슈퍼,5,"맛있어요.소금구이도 맛있네요",♥♥순살양념치킨♥♥,"3개월 전"
2020050100177553,180712002988,sy38****,5,"맛있어용 달지도않고 치밥하기 딱좋네용 +",♥♥순살양념치킨♥♥,"3개월 전"
2020050100161376,150604000898,sjs9****,5,"오우 처음먹어봤는데 너무맛있고~~ 다음에 또 시켜야겠고~~~",♥♥순살양념치킨♥♥,"3개월 전"
2020050100129549,180121005196,mimimimimi,5,"매운거 못먹어서 순한맛 시켰는데 맛있네요 
약간 매콤하니 맛있게 잘 먹었습니다",♥♥순살양념치킨♥♥,"3개월 전"
2020050100119161,180429007808,민콩,4,"숯불맛이 난다면 더 맛있을것 같아요~!! 
밥이랑 먹기 딱 좋은 양념입니다! 
떡사리도 많이 넣어주셔서 맛있게 잘먹었어요!! 
아쉬운건 콜라랑 치킨무가 따뜻한게 와서
시원한 콜라를 마시지 못해 아쉽네요~ 
그래도 소문만 듣던 지코바 맛있습니다~!!",♥♥순살양념치킨♥♥,"3개월 전"
2020050100054320,180728001981,끄힛,5,"맛있었어요~!! 까먹고 사진을 못찍었네요..ㅠㅠㅠㅠ
얼마전 너무맛있게 먹어서 또시켜먹었어요!!",♥♥순살양념치킨♥♥,"3개월 전"
2020043000242351,191102012340,동동구리,5,"30분만에 칼배달 해주신 덕분에 갓나온 치킨 너무 뜨끈하고 맛있게 잘먹었습니다! 센스있게 넣어주신 밥도 쓱쓱 비벼서 한공기 뚝딱했네요 배가너무 나와버린거 빼고는 완벽했던 치킨과 치밥이었습니다 화이팅~~!!",♥♥순살양념치킨♥♥,"4개월 전"
2020043000221681,181130003898,조보아,5,맛잇어요!!!!,♥♥순살양념치킨♥♥,"4개월 전"
2020043000217636,150123002788,배달조아아,5,"너무 맛있어요!!! ㅎ 공기밥도 서비스로 주시고 배부르고 맛있게 잘 먹었습니당!!!! ㅎ",♥양념치킨♥,"4개월 전"
2020043000198559,180112030949,menthol,1,"서비스로 밥을 주시면 뭐합니까.. 양념 다 흘러서 남은것도없고 오히려 콜라가 양념에 절여져있던데.. 90도로 한번 엎은거같던데 배달이 그런건지 포장할때 그런건지는 모르겠지만 전화하려다가 이번이 처음이라 그냥 안했는데 기분은 별로네요
다음번엔 좀더 신경써주세요",♥♥순살양념치킨♥♥,"4개월 전"
2020043000193666,181020003665,Focus,5,"너무 맛있게 먹었어요 밥한공기 쓱싹",♥♥순살양념치킨♥♥,"4개월 전"
2020043000183505,191114019065,ㅎㅇ,5,맛나요~~~^^*,♥♥순살양념치킨♥♥,"4개월 전"
2020043000145088,170113006884,ssu9****,5,"치밥까지 야무지게 해먹었습니다 존맛탱",♥♥순살양념치킨♥♥,"4개월 전"
2020043000133586,180607001074,디저트내놔,5,"마싯오요 지코바 쵝오",♥양념치킨♥,"4개월 전"
2020043000112939,180826009133,rjs1****,5,"맛있게 잘 먹었습니다",♥♥순살양념치킨♥♥,"4개월 전"
2020043000015994,201306080493,얀느,5,"잘 먹었습니당 떡사리 체고 😝",♥♥순살양념치킨♥♥,"4개월 전"
2020043000016497,200130000574,헬로키티,3,"순한맛도 맵진 않지만 살짝 매콤한 느낌있고 닭강정이나 치킨 보다는 찜닭같은 느낌이 강해요! 치밥으로 유명한 이유가 치킨보다는 밥 반찬으로 먹기 좋아서 그런 것 같고 떡사리가 좀 딱딱한 감이 있었지만 밥 주신 것 따듯하게 잘 먹었네요:",♥♥순살양념치킨♥♥,"4개월 전"
2020042900198956,180318005452,치질로사,5,"언제나 어디서나 내 마음 속의 1등 
지코바입니다 ㅠ
이사오기 전에 살던곳에 지코바가 없어져서 울기까지 했었는데
이곳에 지코바가 있었다니 ㅠㅠㅠㅠ
맛있게 장 먹었습니다!!

(다만 매운맛 시켰는데 좀 짜여 ㅠㅠ",♥양념치킨♥,"4개월 전"
2020042900202253,171223016831,찬선,5,"맛잇어요 국물이 더짜짝 햇으면 부산보다는 덜짠맛",♥♥순살양념치킨♥♥,"4개월 전"
2020042900177779,190607009971,kadi****,5,"딸아이랑 너무 맛있게 잘 먹었습니다",♥♥순살양념치킨♥♥,"4개월 전"
2020042900172995,180613003314,오스키,5,"제가 먹었던 지코바중이 제일 양념 잘 배있고 잘 구워진 거 같아요 ㅋㅋㅋ 진짜 맛있으요",♥♥순살양념치킨♥♥,"4개월 전"
2020042900164189,160720002840,king****,5,,♥♥순살양념치킨♥♥,"4개월 전"
2020042900132692,200419005737,서비,5,"오늘도 지코바순살양념치킨의 유혹을 이겨내지 못했네요 너무 맛있어서 중독된거같아요ㅋ",♥♥순살양념치킨♥♥,"4개월 전"
2020042900120691,160430002417,99999999,5,,♥♥순살양념치킨♥♥,"4개월 전"
2020042900098030,161210009810,rich****,5,"처음 먹어봤어요
굉장히 맛있어요!!!",♥♥순살양념치킨♥♥,"4개월 전"
2020042900092461,160330015292,오우예,5,"사랑해요 싸장님",♥♥순살양념치킨♥♥,"4개월 전"
2020042900011982,180122018170,cry0****,5,"양많고 맛있어요!!!",♥♥순살양념치킨♥♥,"4개월 전"
2020042800212596,150910001489,roka****,5,"예상시간보다 너무빨리 도착해서
리뷰도 못쓰고있었어요
너무 맛있게 잘먹었습니다",♥♥순살양념치킨♥♥,"4개월 전"
2020042800142391,200426011433,유다,5,"배달대행기사분이 실수를 하셨는데 사장님이 바로 해결해주시구 바로 다시 전화도 주셔서 당연한거지만 감사햇어요 ㅎㅎ 치킨두 당연히 마싯어용😁",♥♥순살양념치킨♥♥,"4개월 전"
2020042800142202,190604014366,땅콩김밥,5,"빠른배달과 떡도 많이 주시고 밥도 꽉 눌러담주셨는데 밥을 더 큰 그릇에 주셨으면 정말 짱이었겠다는..그래도 맛나요",♥♥순살양념치킨♥♥,"4개월 전"
2020042800130333,181225014300,희망,5,"항상 먹는거라 맛있게 먹었어요 ~~~~서비스 사이다. ㅋ 보통맛도 약간 매운것이 딱 좋아요. 먹는데 급햇니 사진 못찍ㅜㅠ",♥♥순살양념치킨♥♥,"4개월 전"
2020042800056029,161213004848,소그미,3,"리뷰 쓴다고 떡사리 서비스 주셨는데 감사하지만.. 배달 때문에 쉴드가 안 되네요.
사진 보세요. 저렇게 와서 치킨 열 때 집 안에 다 튀겼어요.
소스가 조금 흐른 게 아니라 콸콸 흘렀네요....",♥♥순살양념치킨♥♥,"4개월 전"
2020042800011442,190205009631,음매애,5,"오자마자 사진찍는것도 까먹고 다 먹어버렸어요
완전 밥도둑입니다~.",♥♥순살양념치킨♥♥,"4개월 전, 수정됨"
2020042800014166,160628000171,behind,5,"지코바는 사랑입니당❤️",♥♥순살양념치킨♥♥,"4개월 전"
2020042700189208,180707010206,마리,5,"지코바 처음 먹어봤는데 맛있어요! 밥 비벼 먹으니까 꿀맛이었어용ㅎㅎ",♥♥순살양념치킨♥♥,"4개월 전"
2020042700180484,180608006821,인간,5,"배달도완전빠르고 진짜맛있었습니다!! 제가 주문잘못해서 메뉴를급하게바꿨는데도 친절하고 바꿔주시고 정말감사하고 맛있게 잘먹었습니다! 번창하세욤",♥양념치킨♥,"4개월 전"
2020042700177485,170329005528,tiut****,5,"역시지코바👍
예전처럼 불맛은 안나서 토치로 한번 그을리고 먹으니 핵꿀맛",♥♥순살양념치킨♥♥,"4개월 전"
2020042700153880,180215003809,으니,5,"역시 믿고먹는 지코바 입니당 ㅜㅜ! 떡사리 서비스도 감사합니당~!",♥양념치킨♥,"4개월 전"
2020042700127476,180409007127,흰코,5,"지코바 처름 먹는데 너무맛있어서 과식해버렸네요.. 또시키러 갑니다",♥♥순살양념치킨♥♥,"4개월 전"
2020042700109117,180819023664,칰칰,5,"항상 최고입ㄴㅣ다",♥양념치킨♥,"4개월 전"
2020042700040925,161228006085,평점테러빌런,5,"너무 맛있습니다!",♥♥순살양념치킨♥♥,"4개월 전"
2020042700029542,161216028119,juni****,5,"맛나요 ㅎㅎ",♥소금구이♥,"4개월 전"
2020042700017336,171230003728,kikisusu,5,"역시 지코바 입니다!!
밥도 주셔서 야무지게 밥까지 비벼먹었어요
감사합니다",♥♥순살양념치킨♥♥,"4개월 전"
2020042600283391,171211003643,미니뽕,5,"무슨 말이 필요하겠어요👍🏻👍🏻",♥양념치킨♥,"4개월 전, 수정됨"
2020042600277806,201406065411,jhjyjanr,5,"다이어트 해야하는데.. 자꾸 생각나요
맛있게 잘 먹었습니다👍",♥♥순살양념치킨♥♥,"4개월 전"
2020042600248531,180725007596,판타스틱,5,"너무 맛있었어요👍👍",♥♥순살양념치킨♥♥,"4개월 전"
2020042600244846,180701007035,김바위,4,"중간맛도 생각보다 매콤했어요
떡사리 공기밥 이벤트 감사했습니다!!!",♥♥순살양념치킨♥♥,"4개월 전"
2020042600235431,200405018413,런더너,5,"배달 너무 빨리 왔더라구요. 완전 놀랠정도로 ㅋㅋ
매운거 완전 좋아하는데 요청대로 아주 맵게 해 주셔서 너무너무 좋았어요👍👍👍
지코바는 여전히 맛있네요 ㅎㅎ 
사장님 더 번창 하세요^^",♥♥순살양념치킨♥♥,"4개월 전"
2020042600232480,191116012711,토니,5,,♥♥순살양념치킨♥♥,"4개월 전"
2020042600225258,150321001420,그린야채,5,"배송 생각보다 빨리 와서 감사합니다. 맛있게 잘 먹었네요.
평소보다 살짝 매운 감이 있었습니다.",♥♥순살양념치킨♥♥,"4개월 전"
2020042600084476,190915003434,야부리털다뚜까맞음,5,,♥♥순살양념치킨♥♥,"4개월 전"
2020042600078096,191109015694,미켈란젤로,5,"맛있어요!!! 근데 배달하면서 양념이 센건지.. 양념이 주르륵 흘러서 처음에 당황했어요 ㅠㅠ 그래도 맛있게 먹었습니다",♥♥순살양념치킨♥♥,"4개월 전"
2020042600066620,191127002213,금나,5,맛있어요~!,♥♥순살양념치킨♥♥,"4개월 전"
2020042500252351,180820009716,계수나무,5,"맛있게 잘 먹었습니다~~~",♥♥순살양념치킨♥♥,"4개월 전"
2020042500248271,180113008111,Hannakk,5,"순살치킨 먹기 편해요~~~
치밥까지 먹으면 코스요리 끝!",♥♥순살양념치킨♥♥,"4개월 전"
2020042500209545,190824013602,히지니,5,"지코바는 언제 어디서나 사랑입니다",♥♥순살양념치킨♥♥,"4개월 전"
2020042500160592,200419005737,서비,5,"요즘 부쩍 많이 먹고있는데요
순살양념치킨도 맛있고, 
특히  국물에 비벼먹는 밥은
정말 최고예요",♥♥순살양념치킨♥♥,"4개월 전"
2020042500145337,171224000982,기리보이갓,5,맛있어요~,♥♥순살양념치킨♥♥,"4개월 전"
2020042500143575,160701005953,아임그루트,5,"밥비벼먹으니까 존맛탱이네요",♥♥순살양념치킨♥♥,"4개월 전"
2020042500133970,181227004940,먹다뒤질듯,5,"맛있게 잘 먹었습니다.",♥♥순살양념치킨♥♥,"4개월 전"
2020042500108579,200419005737,서비,5,"아주 맛있네요 스트레스가 쑥 내려가네요",♥♥순살양념치킨♥♥,"4개월 전"
2020042500088460,171018000471,태우니,5,"역시 지코바네요~ 다먹고 양념에 밥 비벼먹었는데 치즈까지 추가해서 비비니까 더 맛있네요ㅎㅎ",♥♥순살양념치킨♥♥,"4개월 전"
2020042500081991,150607005003,skya****,3,"원래 지코바 치킨 양념이 이랬나요?
진짜 오랜만에 먹는데 양념이 갈치조림 먹는 양념같았어요",♥♥순살양념치킨♥♥,"4개월 전"
2020042400188696,160207002510,freya,5,"믿고먹는 지코바😍
너무너무 맛있어요!!",♥♥순살양념치킨♥♥,"4개월 전"
2020042400187343,181211008460,하룰루루,5,"너무 맛있어요 ! 하나도 안맵고 밥도 주시고!! 
다음엔 보통맛 도전해보려구요^^",♥♥순살양념치킨♥♥,"4개월 전"
2020042400183425,150120001534,뉸뉴냔냐,5,"배달예상시간 빨리 와서 맛있게 먹었습니다~ 역시 지코바 짱이에요!",♥♥순살양념치킨♥♥,"4개월 전"
2020042400146761,171108005553,다욧,5,"맛있어용!!!! ㅎㅎㅎ 밥이랑 떡도 주셔서 든든하고 넘 맛나용",♥♥순살양념치킨♥♥,"4개월 전"
2020042400151078,190107002727,배고프다,5,"빠른 배달 감사합니다
덕분에 맛있게 먹었어요!",♥♥순살양념치킨♥♥,"4개월 전"
2020042400066996,180821011896,앙리,5,"너무너무 맛있어요!!!!!! 저에게 치밥을 일깨워줬어요",♥♥순살양념치킨♥♥,"4개월 전"
2020042400064639,190520014970,두개골,5,"밥도 따뜻하고 맛있어욥",♥♥순살양념치킨♥♥,"4개월 전"
2020042400062505,150107008207,cs2c****,5,"지코밥 지린다 그냥 예술이네요 너무 
맛있게 잘먹었습니다
수고하세요",♥♥순살양념치킨♥♥,"4개월 전"
2020042400012467,180403009517,goddms,5,"맛있아요 근데 더 매워도 괜찮을듯",♥♥순살양념치킨♥♥,"4개월 전"
2020042300186822,180728001981,끄힛,5,"맛있었어요~ 근ㄷ 좀 들매워서 아쉽네요ㅠ",♥♥순살양념치킨♥♥,"4개월 전"
2020042300170628,201302280409,잠실,5,"늘 너무 맛있습니다 감사합니다",♥♥순살양념치킨♥♥,"4개월 전"
2020042300166087,180307010328,jj109,5,"배달도 빨랐고,, 떡사리도 쫄깃하니 맛있었어요~",♥♥순살양념치킨♥♥,"4개월 전"
2020042300162048,180725011634,까토,5,"너무 맛있어요~",♥♥순살양념치킨♥♥,"4개월 전"
2020042300134686,141208001916,sppp,5,존맛탱존맛탱,♥양념치킨♥,"4개월 전"
2020042300132358,160126001734,yoou****,5,"태어나서 처음 지코바를 먹었는데 정말 맛있어요! 배송도 빠르고 2마리 시켰더니 콜라도 서비스로 주셨어요~!",♥♥순살소금구이♥♥,"4개월 전"
2020042300129717,180325005239,슈퍼슈퍼,5,"너무 맛있어요~~공기밥까지 서비스주셔서 점심으로 뚝딱했어요",♥♥순살양념치킨♥♥,"4개월 전"
2020042300110954,191201015829,히딩이,5,"넘 맛있어요 그리고 밥도 직접 따뜻한거 주시고 넘 감사합니다!!!!",♥♥순살양념치킨♥♥,"4개월 전"
2020042300095269,180117001997,주주,5,"항상 리뷰 잘 들어주시다니ㅠㅠㅠㅠ 밥 서비스 감사합니다!! 이 집 치킨 맛은 말 할 필요도 없이 최고네용ㅎㅎㅎ!!!!!",♥♥순살양념치킨♥♥,"4개월 전"
2020042300093118,201406210289,wlsw****,5,"너무 맛있어요...무우 헤프닝이 있었고 조금 당황스럽고 그랬는데 감사하게도 고생해주셨네요 사장님
다음에 또 먹겠습니다~^^",♥♥순살소금구이♥♥,"4개월 전"
2020042300028202,190620010157,다롱이오빠,5,"맛있어요 지코바지코바",♥♥순살양념치킨♥♥,"4개월 전"
2020042200211048,190209018785,별님,5,"믿고 먹는 지코바 입니다. 저녁 때 주문했는데 예상보다 일찍 왔고, 안맵게 해달라고 했더니 저번에 먹은 순한맛보다 덜 매워서 애들 먹이기 좋았어요. 감사합니다~
일회용 수저는 안주셔도 된다고 했는데 왔어요. ^^",♥♥순살양념치킨♥♥,"4개월 전"
2020042200167474,170422005907,걸어다니는먹거리장터,5,"지코바는 이 지점이 제일 맛있는거같아요!
양도많고 밥까지 같이 와서
맛있게 잘 먹었습니다!!",♥양념치킨♥,"4개월 전"
2020042200169120,201402102174,hyun****,5,"너무맛있어여 번창하세여",♥♥순살양념치킨♥♥,"4개월 전"
2020042200154439,161208014332,rlax****,5,"햇반도 데워주시고 잘먹었습니다",♥♥순살양념치킨♥♥,"4개월 전"
2020042200142076,180109010620,민지민아맘,5,"간만에 치밥 생각이나서 주문했어욪
리뷰이벤트 떡사리도 듬뿍주시고. 공기밥까지 넘 감사드립니다.덕분에 계란후라이 첨가해 치밥제대로 먹었네요.",♥양념치킨♥,"4개월 전"
2020042200140739,160724003651,zoaml,5,"진짜 오랜만에 주문인데 너무 맛있게 잘먹었어요 제일 매운맛으로 했는데 많이 자극적이지 않은 매운맛에 음식도 깔끔함에 기분좋은 저녁이었어요 ☺️ 이벤트로 떡추가했는데 진짜 사장님 큰손 듬뿍듬뿍 푸짐하게 잘먹었습니다 ㅎㅎ 밥도 서비스로 주신듯해서 너무 푸짐한 한끼 해결 감사합니다👍🏻",♥♥순살양념치킨♥♥,"4개월 전"
2020042200001255,160126002009,acze****,5,"배달도 예정도착시간에 늦지않게 와주셨고 
매콤한정도도 적당해서  치밥하기 딱좋았습니다
살짝 아쉬운점은 바쁜시간대여서 그런지
떡이 살짝 덜익어서 왔다는것..빼곤 다 좋았습니다~~",♥♥순살양념치킨♥♥,"4개월 전"
2020042100202092,181005002128,똥빵쌍빵,5,"지코바와 함께 먹는 밥은 언제나 최고!! 잘먹었습니다",♥♥순살양념치킨♥♥,"4개월 전"
2020042100193253,171106005763,늙은용,5,"맛있게 잘 먹었습니다",♥♥순살양념치킨♥♥,"4개월 전"
2020042100173054,181119001766,여준,4,"다 좋았는데 김은 이제 안보내주시는건지 없어서 밥비벼먹을때 좀 허전했네욥 ㅜ",♥♥순살양념치킨♥♥,"4개월 전"
2020042100133578,180112028931,하늘보리,5,"양념도 소금구이도 너무너무맛있어요^^",♥소금구이♥,"4개월 전"
2020042100128117,171104007738,jhchoe85,5,"맛있게 잘먹었습니다👍🏻",♥♥순살양념치킨♥♥,"4개월 전"
2020042100108256,180624009058,hoonia,5,"시키고 금방와서 따뜻하게 잘먹었습니다  양도 넉넉히 주셔서 2번 나눠서 먹었어요",♥♥순살양념치킨♥♥,"4개월 전"
2020042100076873,180816001668,skyblue,4,"궁금해서 시켜봤어요 양이 푸짐 하네요~",♥♥순살양념치킨♥♥,"4개월 전"
2020042100032538,171126000350,알롱깔롱,5,"최고죠.. 말해뭐합니꺼",♥♥순살양념치킨♥♥,"4개월 전"
2020042000207196,170721006642,hhhh****,3,"떡사리 추가해달랬는데 웰치스가왔네요 ㅠ
그리고 박스 눅눅해져서 종이냄새났어요 ㅠㅠㅠ",♥소금구이♥,"4개월 전"
2020042000205356,191017000620,양동이,5,"맛있게 잘먹었습니다",♥♥순살양념치킨♥♥,"4개월 전"
2020042000171369,180709001406,마님,5,"떡추가해서  주문했는데 너무 잘먹었어요. 
보통맛이어서 맵지않고 맛있게 잘먹었던거같아요.
치밥먹고싶을때 주문하면 좋을거 같아요.
닭도 질기지않고 쫄깃하니 떡도 간이 잘베어서  더 좋았어요.",♥♥순살양념치킨♥♥,"4개월 전"
2020042000135708,190523003297,브류,1,"너무 짜서 반도 못 먹었어요... 여기서 꽤 많이 시켰었는데 이런적 처음.. 소스가 짠건지 닭 염지를 잘못하신건지.. 웬만하면 그냥 먹으려고 했는데 좀 심하네요",♥♥순살양념치킨♥♥,"4개월 전"
2020042000076989,180113026829,Jason,5,"역시나 지코바는 사랑입니다....♡",♥♥순살양념치킨♥♥,"4개월 전"
2020042000071494,170305002967,alta****,5,"맛있게 잘먹었었습니다",♥♥순살양념치킨♥♥,"4개월 전"
2020042000014814,180124004044,밀리밀리,5,"역시 지코바쥬~?",♥♥순살양념치킨♥♥,"4개월 전"
2020041900287174,150321001420,그린야채,5,"오늘도 치킨 맛있게 잘 먹었네요. 3주년 밥은 끈기가 좀 떨어져서   기대에는 못 미침. 그래도 밥 잘 비벼 먹었습니다.",♥♥순살양념치킨♥♥,"4개월 전"
2020041900272420,151018007007,코카범,5,"항상 맛있고 푸짐하네요~~",♥♥순살양념치킨♥♥,"4개월 전"
2020041900241341,180209011925,와이키키,4,"비가와서 배송은 늦었지만 맛있게 먹엇어요! 다만 양념이 죄금 짯습니다..!",♥♥순살양념치킨♥♥,"4개월 전"
2020041900224844,180215003416,헤니데,5,"너무 잘먹었습니다 밥도 챙겨주셔서 배부르게 잘 먹었네요^^",♥♥순살양념치킨♥♥,"4개월 전"
